"Date","Price","Open","High","Low","Vol.","Change %"
"03/28/2023","264.10","264.47","265.13","258.50","35.48M","-0.46%"
"03/27/2023","265.31","268.37","270.00","263.65","36.02M","-0.93%"
"03/24/2023","267.79","270.31","271.67","263.55","45.54M","-1.52%"
"03/23/2023","271.91","271.15","274.99","266.90","56.18M","2.73%"
"03/22/2023","264.68","264.25","275.89","262.37","79.26M","1.03%"
"03/21/2023","261.99","261.80","263.92","253.81","54.52M","1.15%"
"03/20/2023","259.00","256.15","260.24","251.30","43.15M","0.68%"
"03/17/2023","257.25","259.82","263.99","256.68","84.85M","0.72%"
"03/16/2023","255.41","240.27","255.88","238.94","58.49M","5.42%"
"03/15/2023","242.28","237.61","242.86","233.60","51.77M","0.69%"
"03/14/2023","240.63","234.96","242.19","234.60","47.15M","4.78%"
"03/13/2023","229.66","227.52","232.98","222.97","42.19M","0.00%"
"03/10/2023","229.65","234.09","236.27","227.26","47.49M","-2.01%"
"03/09/2023","234.36","241.75","244.54","233.83","49.94M","-3.08%"
"03/08/2023","241.81","234.87","242.00","234.24","51.36M","3.83%"
"03/07/2023","232.88","236.00","241.25","232.41","51.52M","-1.13%"
"03/06/2023","235.54","238.91","242.48","234.87","43.74M","-1.41%"
"03/03/2023","238.90","233.20","239.00","231.30","40.94M","2.47%"
"03/02/2023","233.14","224.88","233.80","224.32","38.15M","2.71%"
"03/01/2023","226.98","231.92","232.56","225.08","45.52M","-2.23%"
"02/28/2023","232.16","233.72","238.25","232.06","45.60M","-1.21%"
"02/27/2023","235.01","236.70","238.80","234.54","45.30M","0.92%"
"02/24/2023","232.86","232.25","234.74","229.47","58.97M","-1.60%"
"02/23/2023","236.64","234.40","238.88","230.25","111.80M","14.02%"
"02/22/2023","207.54","207.07","211.04","204.21","51.32M","0.48%"
"02/21/2023","206.55","210.00","214.94","206.18","41.00M","-3.43%"
"02/17/2023","213.88","216.31","217.40","209.75","46.59M","-2.79%"
"02/16/2023","220.02","221.33","225.50","219.27","40.88M","-3.35%"
"02/15/2023","227.64","225.49","228.55","221.06","42.01M","-0.90%"
"02/14/2023","229.71","215.78","230.49","213.66","67.55M","5.43%"
"02/13/2023","217.88","215.38","220.48","209.62","47.34M","2.46%"
"02/10/2023","212.65","216.90","220.78","208.11","55.07M","-4.80%"
"02/09/2023","223.37","226.06","230.20","221.20","52.10M","0.59%"
"02/08/2023","222.05","223.87","228.78","220.08","54.74M","0.14%"
"02/07/2023","221.73","213.82","222.59","211.50","66.11M","5.14%"
"02/06/2023","210.89","208.06","215.70","207.86","45.13M","-0.05%"
"02/03/2023","211.00","210.00","217.45","207.89","42.94M","-2.81%"
"02/02/2023","217.09","210.00","219.49","207.00","55.96M","3.66%"
"02/01/2023","209.43","196.91","211.92","196.11","65.55M","7.20%"
"01/31/2023","195.37","191.70","196.87","189.50","49.80M","1.96%"
"01/30/2023","191.62","199.50","201.40","191.50","48.67M","-5.91%"
"01/27/2023","203.65","194.62","206.28","194.05","54.21M","2.84%"
"01/26/2023","198.02","197.01","201.66","192.78","48.53M","2.48%"
"01/25/2023","193.23","189.13","193.70","185.80","44.76M","0.30%"
"01/24/2023","192.65","188.27","194.95","188.20","48.75M","0.38%"
"01/23/2023","191.93","180.64","192.45","178.18","65.30M","7.59%"
"01/20/2023","178.39","170.11","178.56","168.25","56.50M","6.41%"
"01/19/2023","167.65","170.36","171.97","167.31","45.14M","-3.52%"
"01/18/2023","173.77","176.67","178.73","172.82","43.96M","-1.84%"
"01/17/2023","177.02","168.99","177.28","168.99","50.94M","4.75%"
"01/13/2023","168.99","162.78","169.22","161.65","44.73M","2.35%"
"01/12/2023","165.11","161.00","166.37","154.92","55.02M","3.19%"
"01/11/2023","160.01","158.40","160.28","155.63","35.25M","0.58%"
"01/10/2023","159.09","155.07","159.62","154.72","38.33M","1.80%"
"01/09/2023","156.28","152.84","160.56","151.41","50.34M","5.18%"
"01/06/2023","148.59","144.74","150.10","140.34","40.50M","4.16%"
"01/05/2023","142.65","144.91","145.64","141.48","38.85M","-3.28%"
"01/04/2023","147.49","145.67","148.53","142.41","43.04M","3.03%"
"01/03/2023","143.15","148.51","149.96","140.96","40.06M","-2.05%"
"12/30/2022","146.14","143.34","146.29","142.33","31.05M","0.08%"
"12/29/2022","146.03","144.02","146.83","142.27","35.42M","4.04%"
"12/28/2022","140.36","139.27","142.62","138.84","35.02M","-0.60%"
"12/27/2022","141.21","150.74","151.00","140.56","46.25M","-7.14%"
"12/23/2022","152.06","151.96","153.39","148.83","34.93M","-0.87%"
"12/22/2022","153.39","160.93","161.38","148.82","56.40M","-7.04%"
"12/21/2022","165.01","161.14","166.27","161.02","32.44M","2.59%"
"12/20/2022","160.85","160.64","163.10","158.52","40.22M","-1.04%"
"12/19/2022","162.54","165.72","166.09","161.45","35.32M","-1.91%"
"12/16/2022","165.71","168.64","170.41","164.10","47.82M","-2.25%"
"12/15/2022","169.52","171.46","173.20","167.00","47.78M","-4.09%"
"12/14/2022","176.74","179.87","182.52","174.20","49.69M","-2.20%"
"12/13/2022","180.72","185.31","187.90","177.11","65.55M","3.06%"
"12/12/2022","175.35","170.37","175.38","167.97","45.48M","3.14%"
"12/09/2022","170.01","171.60","175.83","169.75","46.53M","-0.98%"
"12/08/2022","171.69","162.73","171.79","159.59","51.31M","6.51%"
"12/07/2022","161.20","157.72","161.86","156.67","37.16M","0.83%"
"12/06/2022","159.87","165.30","165.73","158.19","35.19M","-3.75%"
"12/05/2022","166.10","166.79","169.95","164.72","35.01M","-1.58%"
"12/02/2022","168.76","166.59","169.33","164.45","37.14M","-1.51%"
"12/01/2022","171.35","169.99","172.65","166.35","47.10M","1.25%"
"11/30/2022","169.23","156.97","169.30","155.97","56.53M","8.21%"
"11/29/2022","156.39","158.27","159.32","155.20","29.84M","-1.19%"
"11/28/2022","158.27","160.26","163.57","157.25","30.42M","-2.72%"
"11/25/2022","162.70","163.18","164.87","161.72","16.79M","-1.51%"
"11/23/2022","165.19","160.98","165.27","160.48","42.72M","3.00%"
"11/22/2022","160.38","153.28","160.58","151.22","47.29M","4.71%"
"11/21/2022","153.17","151.47","154.77","150.80","40.47M","-0.60%"
"11/18/2022","154.09","159.66","160.02","151.20","49.21M","-1.71%"
"11/17/2022","156.77","157.15","162.66","155.35","71.09M","-1.46%"
"11/16/2022","159.10","161.62","163.62","158.73","64.95M","-4.54%"
"11/15/2022","166.66","167.21","169.98","163.82","54.59M","2.28%"
"11/14/2022","162.95","162.18","165.40","159.22","52.79M","-0.20%"
"11/11/2022","163.27","158.07","163.89","154.82","65.55M","3.66%"
"11/10/2022","157.50","148.00","157.73","145.47","70.08M","14.33%"
"11/09/2022","137.76","141.62","142.11","137.59","45.44M","-5.66%"
"11/08/2022","146.02","148.01","148.91","142.16","59.53M","2.10%"
"11/07/2022","143.01","142.28","144.12","139.54","41.01M","1.02%"
"11/04/2022","141.56","139.86","142.29","136.97","61.26M","5.48%"
"11/03/2022","134.21","130.43","137.81","129.56","50.01M","1.53%"
"11/02/2022","132.19","138.50","142.10","132.11","67.26M","-2.39%"
"11/01/2022","135.43","138.11","139.25","135.19","43.28M","0.34%"
"10/31/2022","134.97","137.78","138.38","132.97","48.63M","-2.44%"
"10/28/2022","138.34","131.04","138.50","130.61","52.10M","4.99%"
"10/27/2022","131.76","136.30","138.38","131.22","58.31M","2.17%"
"10/26/2022","128.96","128.69","133.88","127.08","53.55M","-2.75%"
"10/25/2022","132.61","126.93","133.00","126.64","50.55M","5.25%"
"10/24/2022","125.99","125.08","127.10","120.64","51.75M","1.07%"
"10/21/2022","124.66","120.98","124.98","118.87","60.95M","2.23%"
"10/20/2022","121.94","121.13","127.69","121.05","65.24M","1.19%"
"10/19/2022","120.51","118.79","123.50","118.34","52.31M","0.70%"
"10/18/2022","119.67","123.44","124.92","116.18","65.94M","0.66%"
"10/17/2022","118.88","115.18","119.48","115.17","58.08M","5.89%"
"10/14/2022","112.27","120.57","121.11","112.04","71.34M","-6.13%"
"10/13/2022","119.60","109.71","120.78","108.13","85.01M","4.00%"
"10/12/2022","115.00","115.79","117.35","113.45","49.26M","-0.74%"
"10/11/2022","115.86","115.61","118.46","112.83","66.75M","-0.72%"
"10/10/2022","116.70","120.37","121.24","114.08","69.87M","-3.36%"
"10/07/2022","120.76","125.05","126.70","120.22","67.25M","-8.03%"
"10/06/2022","131.30","132.20","136.56","131.03","64.42M","-0.60%"
"10/05/2022","132.09","129.11","133.21","126.21","50.71M","0.32%"
"10/04/2022","131.67","128.79","132.20","128.79","58.42M","5.23%"
"10/03/2022","125.12","123.47","126.78","121.05","54.75M","3.07%"
"09/30/2022","121.39","120.87","126.33","120.75","56.56M","-0.66%"
"09/29/2022","122.20","124.48","125.00","119.46","53.28M","-4.05%"
"09/28/2022","127.36","124.10","128.23","123.54","54.24M","2.60%"
"09/27/2022","124.13","125.07","127.36","122.58","55.39M","1.51%"
"09/26/2022","122.28","124.91","126.59","122.14","54.73M","-2.30%"
"09/23/2022","125.16","124.20","126.11","122.57","66.33M","-0.36%"
"09/22/2022","125.61","130.70","131.49","124.28","75.92M","-5.28%"
"09/21/2022","132.61","132.13","140.31","131.10","80.77M","0.65%"
"09/20/2022","131.76","132.15","134.83","130.57","52.48M","-1.54%"
"09/19/2022","133.82","130.12","134.63","130.10","56.97M","1.39%"
"09/16/2022","131.98","127.42","132.12","126.17","67.08M","2.08%"
"09/15/2022","129.29","130.15","132.33","127.90","52.36M","-1.52%"
"09/14/2022","131.28","132.54","132.90","129.13","58.85M","-0.02%"
"09/13/2022","131.31","138.02","139.22","130.99","71.50M","-9.47%"
"09/12/2022","145.05","143.69","145.47","141.98","48.42M","0.82%"
"09/09/2022","143.87","141.57","144.74","141.26","48.71M","2.84%"
"09/08/2022","139.90","134.59","140.08","133.69","62.49M","2.01%"
"09/07/2022","137.14","135.63","138.38","133.46","51.27M","1.85%"
"09/06/2022","134.65","137.31","137.79","133.51","53.58M","-1.33%"
"09/02/2022","136.47","141.00","141.71","135.91","74.32M","-2.08%"
"09/01/2022","139.37","142.09","143.80","132.70","117.89M","-7.67%"
"08/31/2022","150.94","153.84","155.40","149.59","57.37M","-2.42%"
"08/30/2022","154.68","159.60","160.39","151.82","53.02M","-2.11%"
"08/29/2022","158.01","160.20","163.38","157.67","49.61M","-2.82%"
"08/26/2022","162.60","178.57","179.24","162.37","76.91M","-9.23%"
"08/25/2022","179.13","168.44","179.47","168.33","77.07M","4.01%"
"08/24/2022","172.22","170.12","174.06","168.95","52.27M","0.24%"
"08/23/2022","171.81","169.88","174.65","169.70","37.00M","0.86%"
"08/22/2022","170.34","174.90","175.58","169.66","40.96M","-4.57%"
"08/19/2022","178.49","184.06","185.20","177.70","44.16M","-4.92%"
"08/18/2022","187.73","183.01","188.65","181.83","41.54M","2.39%"
"08/17/2022","183.35","185.23","186.88","181.45","44.68M","-2.88%"
"08/16/2022","188.79","189.20","191.42","185.01","45.12M","-0.80%"
"08/15/2022","190.32","187.01","191.64","186.13","45.77M","1.73%"
"08/12/2022","187.09","181.60","187.18","179.53","47.81M","4.27%"
"08/11/2022","179.42","181.31","187.07","178.76","50.93M","-0.86%"
"08/10/2022","180.97","176.98","181.18","173.17","59.74M","5.92%"
"08/09/2022","170.86","172.52","174.47","167.24","66.83M","-3.97%"
"08/08/2022","177.93","175.02","182.39","172.42","98.38M","-6.30%"
"08/05/2022","189.89","188.10","192.29","186.66","38.61M","-1.18%"
"08/04/2022","192.15","188.49","192.74","187.60","40.97M","1.70%"
"08/03/2022","188.93","181.84","189.68","181.37","41.81M","1.98%"
"08/02/2022","185.26","181.22","189.38","180.92","48.95M","0.46%"
"08/01/2022","184.41","181.82","188.46","179.90","47.65M","1.53%"
"07/29/2022","181.63","178.13","182.44","176.92","43.55M","1.00%"
"07/28/2022","179.84","179.75","181.40","174.40","47.46M","1.09%"
"07/27/2022","177.90","170.32","179.36","169.13","56.98M","7.60%"
"07/26/2022","165.33","168.89","169.19","164.78","39.79M","-2.88%"
"07/25/2022","170.24","170.19","171.24","166.49","48.07M","-1.70%"
"07/22/2022","173.19","178.93","179.67","171.37","53.67M","-4.05%"
"07/21/2022","180.50","178.85","181.44","175.45","55.70M","1.36%"
"07/20/2022","178.07","169.47","179.32","168.01","76.05M","4.80%"
"07/19/2022","169.92","164.86","171.10","161.72","70.24M","5.53%"
"07/18/2022","161.01","163.02","168.97","160.02","67.05M","2.15%"
"07/15/2022","157.62","156.59","157.82","154.45","38.59M","2.54%"
"07/14/2022","153.72","151.08","154.73","147.28","45.62M","1.37%"
"07/13/2022","151.64","145.90","153.75","144.65","52.19M","0.54%"
"07/12/2022","150.82","152.68","154.31","148.77","45.85M","-0.46%"
"07/11/2022","151.52","155.26","155.27","150.38","43.84M","-4.33%"
"07/08/2022","158.38","154.30","160.37","153.89","46.80M","-0.13%"
"07/07/2022","158.58","154.55","159.45","153.89","49.29M","4.81%"
"07/06/2022","151.30","150.10","153.19","147.89","52.91M","1.11%"
"07/05/2022","149.64","141.75","149.71","140.55","65.22M","3.04%"
"07/01/2022","145.23","148.99","150.63","143.92","57.76M","-4.20%"
"06/30/2022","151.59","153.61","155.67","148.62","68.61M","-2.46%"
"06/29/2022","155.42","158.14","158.20","151.70","48.24M","-2.75%"
"06/28/2022","159.82","169.00","172.02","159.45","46.19M","-5.26%"
"06/27/2022","168.69","173.12","173.30","166.26","42.80M","-1.50%"
"06/24/2022","171.26","165.00","171.40","163.10","47.22M","5.55%"
"06/23/2022","162.25","165.18","165.85","158.53","46.37M","-0.83%"
"06/22/2022","163.60","162.26","166.62","161.80","43.80M","-1.24%"
"06/21/2022","165.66","164.74","170.08","164.07","48.31M","4.32%"
"06/17/2022","158.80","156.48","159.95","153.28","63.03M","1.79%"
"06/16/2022","156.01","158.60","159.42","154.01","54.57M","-5.60%"
"06/15/2022","165.27","160.95","168.68","159.26","56.39M","4.36%"
"06/14/2022","158.36","157.31","160.66","154.12","46.97M","1.21%"
"06/13/2022","156.47","160.00","163.12","156.06","60.42M","-7.82%"
"06/10/2022","169.74","176.00","176.97","168.69","46.56M","-5.95%"
"06/09/2022","180.48","184.81","189.33","180.41","39.56M","-3.22%"
"06/08/2022","186.48","187.99","191.80","185.35","36.33M","-1.47%"
"06/07/2022","189.26","184.72","190.00","181.88","38.89M","0.75%"
"06/06/2022","187.86","191.39","193.37","185.64","42.24M","0.35%"
"06/03/2022","187.20","190.82","193.32","185.22","59.88M","-4.45%"
"06/02/2022","195.92","182.92","196.19","181.98","64.87M","6.94%"
"06/01/2022","183.20","187.24","190.53","181.22","54.45M","-1.89%"
"05/31/2022","186.72","189.80","192.00","183.50","66.41M","-0.74%"
"05/27/2022","188.11","181.86","188.81","181.00","73.84M","5.38%"
"05/26/2022","178.51","160.36","180.92","160.22","99.66M","5.16%"
"05/25/2022","169.75","160.20","171.11","160.00","78.11M","5.08%"
"05/24/2022","161.54","165.10","165.97","157.80","58.86M","-4.40%"
"05/23/2022","168.98","162.74","169.15","161.79","63.99M","1.22%"
"05/20/2022","166.94","173.32","174.10","157.55","73.91M","-2.51%"
"05/19/2022","171.24","169.37","176.87","167.34","62.13M","1.10%"
"05/18/2022","169.38","177.05","181.18","168.64","54.52M","-6.82%"
"05/17/2022","181.77","180.74","183.71","176.34","58.58M","5.29%"
"05/16/2022","172.64","175.09","177.88","171.06","52.14M","-2.50%"
"05/13/2022","177.06","167.88","179.28","165.93","67.04M","9.47%"
"05/12/2022","161.75","162.19","167.88","155.67","70.87M","-2.74%"
"05/11/2022","166.30","173.47","177.53","165.68","67.02M","-5.48%"
"05/10/2022","175.95","176.89","181.98","170.25","76.15M","3.81%"
"05/09/2022","169.50","180.34","182.55","168.27","64.45M","-9.24%"
"05/06/2022","186.75","187.36","195.12","179.90","63.33M","-0.90%"
"05/05/2022","188.44","198.67","199.25","185.00","62.63M","-7.33%"
"05/04/2022","203.34","199.23","204.00","187.51","64.89M","3.73%"
"05/03/2022","196.02","194.00","198.25","191.33","47.58M","0.35%"
"05/02/2022","195.33","185.40","195.74","183.91","57.20M","5.32%"
"04/29/2022","185.47","194.02","201.28","185.17","50.04M","-6.24%"
"04/28/2022","197.82","189.67","200.37","184.90","57.03M","7.42%"
"04/27/2022","184.15","185.98","191.67","182.90","49.95M","-1.99%"
"04/26/2022","187.88","197.18","197.88","186.70","65.31M","-5.60%"
"04/25/2022","199.02","192.02","199.45","190.96","64.16M","1.98%"
"04/22/2022","195.15","203.03","204.86","195.00","62.47M","-3.31%"
"04/21/2022","201.83","217.09","223.92","200.00","65.62M","-6.05%"
"04/20/2022","214.82","225.17","226.70","212.00","46.90M","-3.23%"
"04/19/2022","221.98","217.20","223.73","213.14","51.28M","1.91%"
"04/18/2022","217.83","212.00","220.88","210.79","52.57M","2.47%"
"04/14/2022","212.58","225.05","227.77","211.63","56.91M","-4.26%"
"04/13/2022","222.03","217.28","225.00","214.55","51.69M","3.25%"
"04/12/2022","215.04","225.37","227.25","212.82","66.23M","-1.88%"
"04/11/2022","219.17","222.14","223.20","216.60","57.52M","-5.20%"
"04/08/2022","231.19","239.17","239.23","230.62","52.48M","-4.50%"
"04/07/2022","242.08","244.41","247.22","234.78","55.80M","-0.82%"
"04/06/2022","244.07","249.34","253.00","240.03","70.38M","-5.88%"
"04/05/2022","259.31","272.54","273.19","258.20","43.66M","-5.22%"
"04/04/2022","273.60","267.28","275.58","266.13","39.77M","2.43%"
"04/01/2022","267.12","273.75","274.96","262.67","51.72M","-2.10%"
"03/31/2022","272.86","277.82","282.48","272.70","52.34M","-1.46%"
"03/30/2022","276.90","283.04","284.95","275.03","46.35M","-3.37%"
"03/29/2022","286.56","286.95","289.46","279.80","48.90M","1.55%"
"03/28/2022","282.19","277.55","282.50","272.06","42.55M","1.90%"
"03/25/2022","276.92","278.86","283.58","272.71","57.90M","-1.63%"
"03/24/2022","281.50","261.66","283.20","259.07","87.74M","9.82%"
"03/23/2022","256.34","261.26","266.11","255.75","50.21M","-3.36%"
"03/22/2022","265.24","267.27","272.38","260.72","54.70M","-0.79%"
"03/21/2022","267.34","265.07","271.52","259.67","59.17M","1.06%"
"03/18/2022","264.53","247.99","265.69","246.24","73.07M","6.81%"
"03/17/2022","247.66","241.20","248.42","239.06","47.19M","1.10%"
"03/16/2022","244.96","235.00","245.97","231.72","67.14M","6.63%"
"03/15/2022","229.73","215.18","230.38","213.22","49.20M","7.70%"
"03/14/2022","213.30","218.69","222.62","211.59","38.54M","-3.48%"
"03/11/2022","221.00","230.22","231.45","220.46","36.72M","-2.46%"
"03/10/2022","226.58","225.31","227.88","218.82","42.81M","-1.55%"
"03/09/2022","230.14","223.87","232.20","222.47","49.27M","6.97%"
"03/08/2022","215.14","213.09","223.73","206.50","55.75M","0.76%"
"03/07/2022","213.52","228.17","230.33","213.30","45.08M","-6.91%"
"03/04/2022","229.36","233.84","236.80","224.82","43.20M","-3.28%"
"03/03/2022","237.14","242.62","243.26","234.69","36.51M","-2.09%"
"03/02/2022","242.20","237.56","244.09","234.15","38.96M","3.16%"
"03/01/2022","234.77","242.91","243.77","231.32","41.21M","-3.72%"
"02/28/2022","243.85","239.92","246.65","237.07","47.73M","0.94%"
"02/25/2022","241.57","237.21","242.17","233.81","52.89M","1.72%"
"02/24/2022","237.48","210.15","238.00","208.90","73.58M","6.08%"
"02/23/2022","223.87","238.02","241.55","223.01","56.65M","-4.29%"
"02/22/2022","233.90","230.35","240.64","230.00","63.34M","-1.07%"
"02/18/2022","236.42","246.68","249.86","231.00","76.13M","-3.53%"
"02/17/2022","245.07","256.30","257.85","241.65","81.06M","-7.56%"
"02/16/2022","265.11","262.59","265.82","255.52","73.27M","0.06%"
"02/15/2022","264.95","249.49","265.45","247.84","70.18M","9.18%"
"02/14/2022","242.67","239.34","248.75","237.55","44.04M","1.33%"
"02/11/2022","239.49","259.16","261.52","237.73","60.55M","-7.26%"
"02/10/2022","258.24","259.95","269.25","256.00","51.32M","-3.30%"
"02/09/2022","267.05","256.22","267.25","253.53","52.43M","6.36%"
"02/08/2022","251.08","243.59","252.30","239.80","41.04M","1.54%"
"02/07/2022","247.28","243.72","251.82","242.02","37.69M","1.68%"
"02/04/2022","243.19","239.72","246.35","236.32","35.48M","1.55%"
"02/03/2022","239.48","244.58","250.77","237.80","41.02M","-5.13%"
"02/02/2022","252.42","257.94","258.17","245.53","54.34M","2.45%"
"02/01/2022","246.38","251.04","251.45","238.90","51.89M","0.62%"
"01/31/2022","244.86","231.82","245.09","230.52","56.47M","7.21%"
"01/28/2022","228.40","220.12","228.58","212.96","54.38M","4.08%"
"01/27/2022","219.44","235.68","239.95","216.75","57.34M","-3.64%"
"01/26/2022","227.72","232.40","240.57","223.00","75.60M","2.01%"
"01/25/2022","223.24","225.46","229.43","220.00","66.46M","-4.48%"
"01/24/2022","233.72","223.30","233.80","208.88","91.58M","-0.01%"
"01/21/2022","233.74","235.07","248.23","232.63","71.90M","-3.21%"
"01/20/2022","241.50","253.04","255.79","240.78","43.52M","-3.66%"
"01/19/2022","250.67","260.79","265.43","250.52","48.83M","-3.23%"
"01/18/2022","259.03","262.60","266.38","257.70","42.53M","-3.86%"
"01/14/2022","269.42","263.00","271.97","262.10","39.58M","1.38%"
"01/13/2022","265.75","283.79","284.80","264.98","53.89M","-5.09%"
"01/12/2022","279.99","280.67","285.95","276.08","38.34M","0.65%"
"01/11/2022","278.17","273.23","280.65","268.39","40.41M","1.52%"
"01/10/2022","274.00","265.81","274.69","256.44","59.47M","0.56%"
"01/07/2022","272.47","281.41","284.22","270.57","40.99M","-3.30%"
"01/06/2022","281.78","276.40","284.38","270.65","45.42M","2.08%"
"01/05/2022","276.04","289.49","294.16","275.33","49.81M","-5.76%"
"01/04/2022","292.90","302.77","304.68","283.49","52.72M","-2.76%"
"01/03/2022","301.21","298.15","307.11","297.85","39.24M","2.41%"
"12/31/2021","294.11","296.74","300.30","293.31","26.65M","-0.59%"
"12/30/2021","295.86","298.27","304.57","295.40","30.89M","-1.38%"
"12/29/2021","300.01","302.73","305.48","293.66","34.31M","-1.06%"
"12/28/2021","303.22","313.12","313.30","300.12","42.06M","-2.01%"
"12/27/2021","309.45","296.60","310.86","296.40","40.37M","4.40%"
"12/23/2021","296.40","297.55","300.59","294.31","34.30M","0.82%"
"12/22/2021","294.00","288.91","295.55","284.49","39.52M","1.12%"
"12/21/2021","290.75","283.74","291.20","274.01","52.44M","4.89%"
"12/20/2021","277.19","273.05","281.44","271.45","46.18M","-0.29%"
"12/17/2021","278.01","279.85","289.22","277.60","71.66M","-2.06%"
"12/16/2021","283.87","311.52","311.60","280.93","70.74M","-6.80%"
"12/15/2021","304.59","284.00","305.00","278.38","69.83M","7.49%"
"12/14/2021","283.37","276.99","286.78","272.50","66.70M","0.62%"
"12/13/2021","281.61","302.49","302.94","281.16","59.83M","-6.75%"
"12/10/2021","301.98","311.50","313.05","298.61","48.88M","-0.96%"
"12/09/2021","304.90","317.34","322.05","304.28","48.85M","-4.20%"
"12/08/2021","318.26","319.99","322.90","314.21","47.56M","-1.85%"
"12/07/2021","324.27","309.57","324.49","306.51","59.31M","7.96%"
"12/06/2021","300.37","298.80","302.41","280.38","65.89M","-2.14%"
"12/03/2021","306.93","320.00","321.29","301.30","54.43M","-4.46%"
"12/02/2021","321.26","312.14","324.78","310.25","47.29M","2.20%"
"12/01/2021","314.35","332.19","332.89","313.80","48.58M","-3.80%"
"11/30/2021","326.76","331.69","333.53","318.64","62.21M","-2.10%"
"11/29/2021","333.76","323.66","334.12","320.36","45.50M","5.95%"
"11/26/2021","315.03","326.00","327.10","313.50","28.31M","-3.58%"
"11/24/2021","326.74","314.61","328.55","309.28","43.52M","2.92%"
"11/23/2021","317.46","315.35","323.60","308.80","53.22M","-0.66%"
"11/22/2021","319.56","335.17","346.47","319.00","75.43M","-3.12%"
"11/19/2021","329.85","322.43","330.88","319.05","53.39M","4.14%"
"11/18/2021","316.75","323.67","327.60","313.21","78.17M","8.25%"
"11/17/2021","292.61","304.18","305.09","288.00","42.85M","-3.12%"
"11/16/2021","302.03","297.59","303.90","297.06","26.45M","0.59%"
"11/15/2021","300.25","305.52","306.44","292.47","38.49M","-1.20%"
"11/12/2021","303.90","300.10","306.80","296.30","41.31M","0.00%"
"11/11/2021","303.90","304.68","305.90","297.77","33.22M","3.16%"
"11/10/2021","294.59","293.56","308.50","287.78","63.62M","-3.91%"
"11/09/2021","306.57","322.82","323.10","299.64","64.67M","-0.48%"
"11/08/2021","308.04","301.49","311.00","299.07","50.31M","3.54%"
"11/05/2021","297.52","301.87","314.00","294.10","85.13M","-0.16%"
"11/04/2021","298.01","272.29","313.65","271.18","115.36M","12.04%"
"11/03/2021","265.98","266.70","267.84","262.35","23.99M","0.75%"
"11/02/2021","264.01","258.22","266.78","258.00","29.41M","2.22%"
"11/01/2021","258.27","256.49","258.94","252.27","26.57M","1.02%"
"10/29/2021","255.67","250.01","257.09","250.00","29.25M","2.51%"
"10/28/2021","249.41","248.78","249.50","245.23","23.42M","2.00%"
"10/27/2021","244.51","244.74","250.90","242.82","24.60M","-1.08%"
"10/26/2021","247.17","239.89","252.59","239.24","48.59M","6.70%"
"10/25/2021","231.66","229.73","233.55","227.70","23.02M","1.94%"
"10/22/2021","227.26","228.23","231.30","225.61","24.94M","0.15%"
"10/21/2021","226.92","220.97","227.11","220.83","18.76M","2.66%"
"10/20/2021","221.03","223.04","224.33","219.82","14.63M","-0.84%"
"10/19/2021","222.90","222.76","223.79","220.37","16.15M","0.31%"
"10/18/2021","222.22","217.49","222.91","216.44","18.95M","1.65%"
"10/15/2021","218.62","218.10","219.31","216.62","22.70M","0.53%"
"10/14/2021","217.46","212.88","217.55","211.22","24.36M","3.85%"
"10/13/2021","209.39","209.18","209.90","207.13","18.07M","1.30%"
"10/12/2021","206.71","208.27","210.57","205.28","16.21M","-0.12%"
"10/11/2021","206.95","205.75","210.63","205.11","16.34M","-0.65%"
"10/08/2021","208.31","211.01","212.06","207.75","15.13M","-1.16%"
"10/07/2021","210.75","210.92","213.22","209.72","25.69M","1.81%"
"10/06/2021","207.00","201.20","207.20","200.80","29.72M","1.22%"
"10/05/2021","204.51","199.50","206.48","198.54","27.93M","3.64%"
"10/04/2021","197.32","205.04","205.42","195.55","34.56M","-4.87%"
"10/01/2021","207.42","207.50","208.59","202.03","24.10M","0.13%"
"09/30/2021","207.16","207.68","210.66","206.88","22.10M","0.97%"
"09/29/2021","205.17","209.40","210.17","204.67","21.84M","-0.88%"
"09/28/2021","206.99","212.13","214.19","206.51","34.31M","-4.44%"
"09/27/2021","216.60","217.10","217.99","213.25","24.52M","-1.91%"
"09/24/2021","220.81","220.70","221.49","218.61","21.77M","-1.78%"
"09/23/2021","224.82","221.40","225.35","218.90","24.86M","2.47%"
"09/22/2021","219.41","213.65","219.60","211.96","26.87M","3.27%"
"09/21/2021","212.46","214.16","214.25","209.50","20.47M","0.63%"
"09/20/2021","211.13","211.46","214.33","206.62","34.94M","-3.59%"
"09/17/2021","219.00","223.00","223.21","218.30","29.45M","-1.54%"
"09/16/2021","222.42","221.83","222.77","219.27","15.60M","-0.44%"
"09/15/2021","223.41","223.09","223.67","219.66","16.65M","0.45%"
"09/14/2021","222.42","222.75","224.10","220.86","19.98M","0.41%"
"09/13/2021","221.52","226.84","229.64","218.58","29.75M","-1.45%"
"09/10/2021","224.78","223.48","226.26","222.70","24.84M","1.36%"
"09/09/2021","221.77","223.12","225.38","221.31","19.69M","-0.73%"
"09/08/2021","223.39","225.13","226.10","219.77","25.44M","-1.43%"
"09/07/2021","226.62","228.33","228.99","225.22","19.81M","-0.79%"
"09/03/2021","228.43","223.25","229.86","222.00","28.08M","2.00%"
"09/02/2021","223.96","225.18","225.93","222.95","18.81M","-0.20%"
"09/01/2021","224.41","224.85","226.97","223.57","20.18M","0.25%"
"08/31/2021","223.85","226.95","226.95","221.20","25.98M","-1.34%"
"08/30/2021","226.88","228.30","230.43","225.51","26.26M","0.23%"
"08/27/2021","226.36","221.84","227.22","221.67","30.47M","2.57%"
"08/26/2021","220.68","222.00","223.40","217.90","23.79M","-0.65%"
"08/25/2021","222.13","217.37","224.70","217.22","34.77M","1.93%"
"08/24/2021","217.93","217.53","219.59","215.35","29.73M","-0.75%"
"08/23/2021","219.58","209.71","219.97","209.50","57.58M","5.49%"
"08/20/2021","208.16","199.91","208.65","199.33","67.57M","5.14%"
"08/19/2021","197.98","194.94","204.95","187.62","76.66M","3.98%"
"08/18/2021","190.40","195.00","196.34","190.00","28.59M","-2.15%"
"08/17/2021","194.58","196.85","197.70","192.67","20.46M","-2.47%"
"08/16/2021","199.50","201.35","202.87","194.53","21.12M","-1.18%"
"08/13/2021","201.88","199.05","202.14","198.51","18.31M","1.42%"
"08/12/2021","199.05","198.70","200.29","196.20","15.19M","1.05%"
"08/11/2021","196.99","200.43","200.49","194.30","18.59M","-1.19%"
"08/10/2021","199.36","203.22","204.30","198.35","17.92M","-1.77%"
"08/09/2021","202.95","204.46","205.08","201.43","14.64M","-0.35%"
"08/06/2021","203.66","205.24","205.70","202.10","17.85M","-1.31%"
"08/05/2021","206.37","205.00","207.33","203.42","21.14M","1.79%"
"08/04/2021","202.74","199.90","203.18","198.28","23.13M","2.32%"
"08/03/2021","198.15","197.40","202.22","192.20","30.18M","0.33%"
"08/02/2021","197.50","197.00","199.61","193.61","21.74M","1.29%"
"07/30/2021","194.99","194.18","196.30","192.63","18.35M","-0.83%"
"07/29/2021","196.62","195.19","198.53","193.28","19.08M","0.82%"
"07/28/2021","195.03","193.19","196.46","189.95","20.22M","1.54%"
"07/27/2021","192.08","192.65","196.22","187.41","24.89M","-0.45%"
"07/26/2021","192.94","193.11","194.42","189.14","20.39M","-1.35%"
"07/23/2021","195.58","196.56","197.00","192.50","19.57M","-0.18%"
"07/22/2021","195.94","196.42","198.87","192.76","32.38M","0.95%"
"07/21/2021","194.10","188.82","195.27","187.42","37.10M","4.29%"
"07/20/2021","186.12","187.30","188.38","181.64","43.47M","-0.89%"
"07/19/2021","187.80","179.15","190.42","178.65","74.91M","3.41%"
"07/16/2021","181.61","190.30","191.57","180.73","68.82M","-4.25%"
"07/15/2021","189.66","198.12","198.47","188.59","55.06M","-4.41%"
"07/14/2021","198.41","203.58","204.18","197.53","38.01M","-2.02%"
"07/13/2021","202.50","204.01","204.61","201.14","29.07M","-1.28%"
"07/12/2021","205.13","202.40","205.33","201.88","32.20M","2.31%"
"07/09/2021","200.50","199.63","200.80","197.54","29.66M","0.74%"
"07/08/2021","199.03","198.57","201.33","197.01","50.33M","-2.30%"
"07/07/2021","203.72","208.54","208.75","203.32","41.84M","-1.58%"
"07/06/2021","206.99","207.38","208.42","203.50","44.67M","1.03%"
"07/02/2021","204.87","204.40","205.05","202.88","34.34M","1.36%"
"07/01/2021","202.12","201.25","204.56","200.19","48.01M","1.05%"
"06/30/2021","200.02","199.99","201.63","198.64","32.66M","-0.12%"
"06/29/2021","200.27","198.82","200.99","196.57","36.76M","0.21%"
"06/28/2021","199.85","193.61","200.79","193.19","49.54M","5.01%"
"06/25/2021","190.31","192.80","193.46","188.94","27.84M","-0.91%"
"06/24/2021","192.05","192.28","194.20","190.88","32.09M","0.78%"
"06/23/2021","190.57","190.08","191.53","189.08","33.24M","0.90%"
"06/22/2021","188.87","184.71","189.64","183.86","58.01M","2.49%"
"06/21/2021","184.27","184.35","185.37","178.23","67.24M","-1.13%"
"06/18/2021","186.39","187.84","193.75","185.84","96.89M","-0.10%"
"06/17/2021","186.57","177.75","188.35","177.56","80.97M","4.76%"
"06/16/2021","178.10","177.91","179.55","175.84","30.71M","0.12%"
"06/15/2021","177.88","179.15","180.16","177.28","24.30M","-1.28%"
"06/14/2021","180.19","179.06","180.40","176.63","32.14M","1.09%"
"06/11/2021","178.25","174.79","179.39","174.44","41.63M","2.30%"
"06/10/2021","174.25","173.50","174.92","171.76","28.78M","0.38%"
"06/09/2021","173.58","175.16","175.75","172.56","38.17M","-0.57%"
"06/08/2021","174.57","175.27","176.22","172.51","32.38M","-0.92%"
"06/07/2021","176.19","175.71","178.13","171.93","57.58M","0.23%"
"06/04/2021","175.78","171.13","176.61","170.96","61.71M","3.59%"
"06/03/2021","169.70","167.01","172.59","165.83","58.00M","1.14%"
"06/02/2021","167.78","162.52","169.19","162.35","59.42M","3.16%"
"06/01/2021","162.65","162.70","163.88","159.03","47.28M","0.12%"
"05/28/2021","162.45","155.01","162.77","155.01","64.45M","4.88%"
"05/27/2021","154.88","157.00","157.50","154.60","58.15M","-1.35%"
"05/26/2021","157.00","157.34","157.94","155.86","37.04M","0.33%"
"05/25/2021","156.48","157.66","158.18","154.82","43.54M","0.23%"
"05/24/2021","156.12","152.13","157.45","151.76","55.48M","4.14%"
"05/21/2021","149.92","151.64","152.22","148.69","67.30M","2.60%"
"05/20/2021","146.13","143.02","146.84","142.71","32.16M","3.89%"
"05/19/2021","140.66","135.66","140.79","135.43","34.40M","0.36%"
"05/18/2021","140.16","142.67","144.04","140.04","18.63M","-1.06%"
"05/17/2021","141.65","141.57","141.69","138.54","21.70M","-0.54%"
"05/14/2021","142.43","138.90","143.28","137.49","25.86M","4.23%"
"05/13/2021","136.65","140.34","140.81","134.59","28.57M","-0.68%"
"05/12/2021","137.59","140.10","142.60","137.09","30.34M","-3.83%"
"05/11/2021","143.06","138.25","143.55","137.50","28.56M","0.28%"
"05/10/2021","142.66","147.87","148.06","142.50","26.89M","-3.69%"
"05/07/2021","148.12","148.08","149.71","146.72","22.93M","1.99%"
"05/06/2021","145.23","144.95","145.71","142.18","19.34M","0.45%"
"05/05/2021","144.59","147.09","148.13","143.88","29.20M","0.75%"
"05/04/2021","143.51","146.37","146.38","140.10","40.53M","-3.27%"
"05/03/2021","148.37","151.25","152.47","147.88","20.39M","-1.15%"
"04/30/2021","150.10","151.74","153.65","149.97","20.19M","-2.06%"
"04/29/2021","153.25","154.00","154.37","150.71","17.32M","0.31%"
"04/28/2021","152.77","153.65","155.32","152.16","20.94M","-0.68%"
"04/27/2021","153.82","155.79","156.71","153.54","16.46M","-0.62%"
"04/26/2021","154.78","151.85","154.79","151.25","19.78M","1.39%"
"04/23/2021","152.65","149.34","153.35","149.00","22.78M","2.79%"
"04/22/2021","148.50","153.75","154.39","147.84","27.78M","-3.32%"
"04/21/2021","153.60","151.19","153.63","151.02","21.68M","1.25%"
"04/20/2021","151.71","153.23","154.97","149.63","33.41M","-1.24%"
"04/19/2021","153.62","155.37","158.07","152.33","40.44M","-3.46%"
"04/16/2021","159.13","160.53","161.66","158.65","33.52M","-1.39%"
"04/15/2021","161.37","156.63","162.14","156.32","59.85M","5.63%"
"04/14/2021","152.77","156.25","157.20","152.27","38.55M","-2.57%"
"04/13/2021","156.79","152.32","157.00","151.26","67.62M","3.09%"
"04/12/2021","152.09","142.90","153.52","141.39","86.93M","5.62%"
"04/09/2021","144.00","142.14","144.08","141.75","19.52M","0.58%"
"04/08/2021","143.17","142.53","144.71","142.49","24.44M","1.23%"
"04/07/2021","141.43","138.81","142.43","137.12","25.13M","2.03%"
"04/06/2021","138.62","140.00","140.54","137.74","19.17M","-0.90%"
"04/05/2021","139.88","138.68","140.14","137.33","25.57M","1.27%"
"04/01/2021","138.12","135.72","138.70","135.11","30.83M","3.47%"
"03/31/2021","133.48","130.15","134.71","129.82","31.48M","3.70%"
"03/30/2021","128.72","128.42","129.75","127.05","20.02M","-0.59%"
"03/29/2021","129.48","128.20","130.63","127.00","27.35M","0.85%"
"03/26/2021","128.39","125.54","128.56","123.74","36.40M","2.43%"
"03/25/2021","125.35","125.00","127.15","122.72","29.51M","-0.85%"
"03/24/2021","126.43","131.51","131.59","126.37","24.58M","-3.27%"
"03/23/2021","130.71","132.54","133.45","130.21","22.20M","-0.88%"
"03/22/2021","131.86","129.13","133.95","129.07","29.78M","2.65%"
"03/19/2021","128.46","127.50","129.21","126.13","29.92M","0.97%"
"03/18/2021","127.22","131.37","131.84","127.17","29.42M","-4.64%"
"03/17/2021","133.41","130.40","134.53","129.90","24.39M","0.38%"
"03/16/2021","132.91","133.57","135.13","131.17","27.21M","0.76%"
"03/15/2021","131.91","128.65","132.07","127.67","22.25M","2.61%"
"03/12/2021","128.56","126.48","128.89","125.90","24.40M","-1.06%"
"03/11/2021","129.93","129.50","130.46","127.35","29.99M","4.21%"
"03/10/2021","124.68","128.40","129.80","124.57","38.44M","-0.42%"
"03/09/2021","125.20","121.30","126.17","120.59","52.18M","8.00%"
"03/08/2021","115.93","124.50","124.71","115.67","54.31M","-6.97%"
"03/05/2021","124.61","125.50","125.50","116.79","54.28M","0.74%"
"03/04/2021","123.70","128.01","129.75","120.84","57.33M","-3.39%"
"03/03/2021","128.05","134.26","134.51","127.99","37.76M","-4.49%"
"03/02/2021","134.06","139.00","139.21","133.96","26.41M","-3.15%"
"03/01/2021","138.42","138.75","139.25","135.53","35.32M","0.93%"
"02/26/2021","137.15","137.52","138.54","133.61","50.09M","3.06%"
"02/25/2021","133.07","140.45","143.75","132.16","82.44M","-8.22%"
"02/24/2021","144.99","141.23","145.07","137.56","44.83M","2.52%"
"02/23/2021","141.42","140.75","142.39","133.90","39.18M","-1.49%"
"02/22/2021","143.56","147.75","151.33","143.25","32.59M","-3.82%"
"02/19/2021","149.26","150.24","151.77","148.47","27.17M","0.66%"
"02/18/2021","148.29","147.29","148.73","145.75","23.41M","-0.52%"
"02/17/2021","149.06","151.71","152.24","147.80","27.57M","-2.77%"
"02/16/2021","153.30","150.64","153.73","149.50","32.20M","2.47%"
"02/12/2021","149.61","150.50","152.91","147.75","37.48M","-1.90%"
"02/11/2021","152.51","149.80","152.72","149.25","45.08M","3.30%"
"02/10/2021","147.64","144.63","149.05","143.41","48.54M","3.51%"
"02/09/2021","142.63","143.41","145.83","142.23","28.76M","-1.22%"
"02/08/2021","144.39","137.27","144.74","137.27","43.46M","6.24%"
"02/05/2021","135.91","137.25","137.37","135.46","16.92M","-0.54%"
"02/04/2021","136.64","135.31","136.74","133.38","20.13M","0.99%"
"02/03/2021","135.30","136.36","139.32","135.16","24.54M","-0.19%"
"02/02/2021","135.57","133.99","135.72","132.85","22.04M","2.42%"
"02/01/2021","132.37","130.53","132.71","129.03","21.72M","1.90%"
"01/29/2021","129.90","130.75","133.35","129.12","27.16M","-0.47%"
"01/28/2021","130.51","129.96","133.40","129.60","22.83M","1.03%"
"01/27/2021","129.18","132.30","132.33","127.94","37.13M","-3.85%"
"01/26/2021","134.35","135.80","136.45","133.88","16.40M","-1.60%"
"01/25/2021","136.53","137.82","138.29","132.36","25.11M","-0.43%"
"01/22/2021","137.13","137.40","138.42","136.27","24.68M","-1.12%"
"01/21/2021","138.68","134.19","139.99","132.53","33.83M","3.75%"
"01/20/2021","133.66","131.12","134.30","130.57","25.86M","2.61%"
"01/19/2021","130.25","130.16","130.94","128.44","22.62M","1.29%"
"01/15/2021","128.60","132.28","133.25","128.49","27.78M","-2.58%"
"01/14/2021","132.00","135.75","136.00","131.80","28.31M","-2.45%"
"01/13/2021","135.32","134.90","136.25","133.85","21.00M","0.35%"
"01/12/2021","134.85","137.52","137.54","133.45","29.15M","-1.00%"
"01/11/2021","136.21","134.19","139.61","133.63","51.90M","2.60%"
"01/08/2021","132.77","133.63","134.21","130.42","29.25M","-0.50%"
"01/07/2021","133.44","129.68","133.78","128.87","46.15M","5.78%"
"01/06/2021","126.14","132.23","132.45","125.86","58.04M","-5.90%"
"01/05/2021","134.05","131.00","134.43","130.87","32.28M","2.22%"
"01/04/2021","131.13","131.04","136.52","129.63","56.06M","0.45%"
"12/31/2020","130.55","131.37","131.51","129.15","19.24M","-0.69%"
"12/30/2020","131.46","129.90","132.14","128.97","22.54M","1.56%"
"12/29/2020","129.43","129.25","130.73","128.42","17.04M","0.34%"
"12/28/2020","129.00","130.63","130.63","127.63","21.26M","-0.72%"
"12/24/2020","129.94","130.37","131.32","129.39","9.79M","-0.12%"
"12/23/2020","130.09","132.56","132.75","130.05","17.91M","-2.03%"
"12/22/2020","132.78","133.19","133.37","130.54","18.63M","-0.41%"
"12/21/2020","133.32","130.75","133.70","129.68","30.23M","0.45%"
"12/18/2020","132.72","133.79","134.05","130.71","34.21M","-0.52%"
"12/17/2020","133.41","133.67","133.79","131.79","23.14M","0.75%"
"12/16/2020","132.43","134.22","134.37","132.13","22.31M","-0.88%"
"12/15/2020","133.60","134.40","134.64","131.87","19.35M","0.39%"
"12/14/2020","133.09","130.88","133.89","130.77","27.02M","2.27%"
"12/11/2020","130.13","129.67","130.20","128.23","20.93M","0.32%"
"12/10/2020","129.72","128.69","130.69","128.49","20.78M","0.32%"
"12/09/2020","129.31","133.01","134.14","128.68","40.13M","-3.14%"
"12/08/2020","133.50","135.85","135.99","132.82","27.19M","-1.89%"
"12/07/2020","136.07","136.01","137.31","135.00","22.32M","0.36%"
"12/04/2020","135.58","134.49","135.60","133.89","20.22M","1.21%"
"12/03/2020","133.96","135.88","136.60","133.29","19.95M","-1.10%"
"12/02/2020","135.45","133.51","136.73","132.34","28.34M","1.15%"
"12/01/2020","133.90","134.92","135.29","132.28","29.76M","-0.09%"
"11/30/2020","134.01","132.65","134.13","129.72","28.70M","1.06%"
"11/27/2020","132.61","133.75","134.07","131.71","16.73M","0.20%"
"11/25/2020","132.35","130.32","132.69","130.20","25.99M","2.14%"
"11/24/2020","129.58","131.43","131.62","128.85","34.65M","-1.39%"
"11/23/2020","131.40","131.71","133.82","130.15","36.14M","0.40%"
"11/20/2020","130.88","134.54","134.94","130.65","34.11M","-2.62%"
"11/19/2020","134.40","132.13","134.88","131.00","56.59M","0.09%"
"11/18/2020","134.29","134.65","136.06","131.85","51.09M","0.05%"
"11/17/2020","134.22","135.52","135.96","133.04","31.20M","-0.69%"
"11/16/2020","135.15","131.73","136.49","131.56","41.38M","1.64%"
"11/13/2020","132.97","136.27","136.69","130.59","34.68M","-1.19%"
"11/12/2020","134.57","134.79","137.66","133.16","36.66M","0.29%"
"11/11/2020","134.18","130.54","134.35","129.48","40.47M","5.07%"
"11/10/2020","127.70","136.07","136.07","126.28","64.41M","-6.31%"
"11/09/2020","136.31","145.52","146.91","136.11","58.30M","-6.40%"
"11/06/2020","145.62","141.10","145.89","138.95","38.33M","2.84%"
"11/05/2020","141.60","141.63","143.39","139.91","31.90M","2.65%"
"11/04/2020","137.94","133.89","138.27","133.37","41.02M","5.95%"
"11/03/2020","130.20","127.08","131.05","126.03","27.29M","3.49%"
"11/02/2020","125.81","126.58","128.37","123.95","29.97M","0.37%"
"10/30/2020","125.34","128.50","129.36","123.00","41.74M","-3.76%"
"10/29/2020","130.24","128.38","131.93","127.50","32.01M","3.14%"
"10/28/2020","126.27","131.98","132.60","126.09","37.65M","-5.75%"
"10/27/2020","133.97","133.06","134.42","131.91","25.05M","1.94%"
"10/26/2020","131.41","134.27","136.93","130.38","33.69M","-3.30%"
"10/23/2020","135.90","134.50","135.93","132.91","23.35M","1.72%"
"10/22/2020","133.61","135.23","136.12","132.32","29.05M","-1.21%"
"10/21/2020","135.25","136.25","137.91","134.78","21.96M","-0.88%"
"10/20/2020","136.46","135.84","138.00","135.07","22.92M","1.09%"
"10/19/2020","134.98","139.03","139.83","134.07","29.81M","-2.27%"
"10/16/2020","138.12","140.37","141.21","137.93","24.26M","-1.13%"
"10/15/2020","139.70","138.11","140.06","137.68","26.72M","-0.89%"
"10/14/2020","140.95","142.90","143.43","139.60","27.66M","-1.07%"
"10/13/2020","142.48","142.96","143.48","140.19","34.46M","0.16%"
"10/12/2020","142.26","139.90","143.47","139.13","43.47M","3.37%"
"10/09/2020","137.63","137.67","138.24","136.61","34.69M","-0.55%"
"10/08/2020","138.39","140.75","140.85","137.58","37.89M","-0.90%"
"10/07/2020","139.64","140.00","141.19","138.63","41.81M","1.66%"
"10/06/2020","137.37","138.30","141.42","136.65","78.44M","0.69%"
"10/05/2020","136.43","132.36","136.44","132.23","47.98M","4.44%"
"10/02/2020","130.62","132.25","135.20","130.51","55.25M","-4.06%"
"10/01/2020","136.15","137.58","137.63","134.61","52.50M","0.62%"
"09/30/2020","135.30","131.57","136.23","131.50","68.92M","2.30%"
"09/29/2020","132.26","129.38","134.43","129.33","62.30M","1.46%"
"09/28/2020","130.35","130.40","130.52","127.50","57.38M","1.25%"
"09/25/2020","128.74","124.47","128.84","122.46","58.80M","4.26%"
"09/24/2020","123.48","120.72","125.69","120.14","73.12M","1.85%"
"09/23/2020","121.24","125.75","127.27","120.79","64.70M","-4.07%"
"09/22/2020","126.38","125.75","126.48","121.56","64.65M","0.96%"
"09/21/2020","125.17","119.25","125.22","119.04","72.10M","2.69%"
"09/18/2020","121.89","125.94","126.32","119.89","69.85M","-2.20%"
"09/17/2020","124.64","121.32","125.90","120.35","79.25M","-0.41%"
"09/16/2020","125.14","129.57","130.93","125.14","55.76M","-3.67%"
"09/15/2020","129.91","132.80","132.99","128.28","72.76M","0.92%"
"09/14/2020","128.72","130.81","133.15","126.31","120.17M","5.82%"
"09/11/2020","121.64","124.86","126.53","118.96","63.69M","-1.20%"
"09/10/2020","123.12","129.89","130.65","121.67","69.87M","-3.17%"
"09/09/2020","127.15","124.00","128.09","122.32","73.62M","6.73%"
"09/08/2020","119.13","117.35","125.50","117.04","79.57M","-5.62%"
"09/04/2020","126.22","127.84","131.75","117.05","146.37M","-3.02%"
"09/03/2020","130.15","138.29","138.85","128.79","94.51M","-9.28%"
"09/02/2020","143.46","147.04","147.27","139.00","87.40M","3.80%"
"09/01/2020","138.21","134.80","139.94","134.37","51.25M","3.34%"
"08/31/2020","133.74","131.83","135.75","130.38","50.08M","1.72%"
"08/28/2020","131.48","126.75","131.48","126.43","53.72M","4.11%"
"08/27/2020","126.28","127.82","128.50","125.66","31.76M","-1.13%"
"08/26/2020","127.73","127.99","128.68","126.78","32.12M","0.18%"
"08/25/2020","127.50","126.31","127.61","125.74","28.91M","0.23%"
"08/24/2020","127.20","128.84","129.13","125.07","49.06M","0.29%"
"08/21/2020","126.83","122.02","128.09","121.95","99.99M","4.47%"
"08/20/2020","121.41","119.75","123.75","118.79","92.14M","0.02%"
"08/19/2020","121.39","122.96","123.15","120.98","62.26M","-1.00%"
"08/18/2020","122.61","124.50","124.96","120.86","50.34M","-0.62%"
"08/17/2020","123.37","118.51","124.10","118.17","62.13M","6.68%"
"08/14/2020","115.64","115.30","117.05","114.40","36.64M","1.06%"
"08/13/2020","114.43","115.46","117.22","113.56","37.45M","0.02%"
"08/12/2020","114.40","109.91","114.67","109.58","46.49M","5.44%"
"08/11/2020","108.50","110.74","111.37","107.96","35.45M","-2.82%"
"08/10/2020","111.65","113.34","114.08","108.57","42.78M","-0.31%"
"08/07/2020","112.00","113.13","115.05","110.38","34.25M","-1.20%"
"08/06/2020","113.36","113.50","113.58","111.79","24.43M","0.43%"
"08/05/2020","112.87","112.44","113.72","111.66","25.05M","0.53%"
"08/04/2020","112.28","110.50","112.28","109.06","31.03M","1.98%"
"08/03/2020","110.10","107.32","110.99","107.15","41.30M","3.73%"
"07/31/2020","106.15","105.63","107.67","104.33","38.63M","0.01%"
"07/30/2020","106.14","103.75","106.23","102.95","30.89M","1.42%"
"07/29/2020","104.65","103.91","105.16","103.47","28.45M","2.45%"
"07/28/2020","102.15","103.74","103.82","102.09","27.16M","-1.98%"
"07/27/2020","104.21","102.32","104.42","102.18","29.21M","2.23%"
"07/24/2020","101.94","98.75","103.65","97.77","47.33M","0.64%"
"07/23/2020","101.30","104.50","105.47","100.31","41.17M","-2.96%"
"07/22/2020","104.39","103.68","106.03","102.92","36.73M","1.07%"
"07/21/2020","103.29","105.13","105.60","102.87","27.77M","-1.73%"
"07/20/2020","105.11","102.74","105.31","101.57","28.49M","3.03%"
"07/17/2020","102.02","102.25","102.48","100.88","26.63M","0.66%"
"07/16/2020","101.35","100.15","102.07","98.95","34.50M","-0.90%"
"07/15/2020","102.27","104.14","104.33","100.56","40.40M","-1.45%"
"07/14/2020","103.77","100.75","104.03","97.86","54.27M","3.23%"
"07/13/2020","100.52","105.95","107.92","100.25","45.71M","-4.07%"
"07/10/2020","104.79","105.89","106.55","103.79","49.77M","-0.29%"
"07/09/2020","105.09","103.80","105.70","102.33","49.45M","2.87%"
"07/08/2020","102.16","99.94","102.25","99.66","36.55M","3.48%"
"07/07/2020","98.72","99.46","100.70","98.51","35.78M","0.34%"
"07/06/2020","98.39","97.42","99.09","97.12","31.59M","2.36%"
"07/02/2020","96.12","96.39","97.38","95.78","36.41M","0.86%"
"07/01/2020","95.30","95.21","95.76","94.13","32.66M","0.34%"
"06/30/2020","94.98","93.14","95.26","92.67","36.79M","3.24%"
"06/29/2020","92.00","91.70","92.05","89.00","34.22M","0.49%"
"06/26/2020","91.55","95.00","95.00","91.25","59.21M","-3.53%"
"06/25/2020","94.90","93.56","95.05","91.82","37.61M","2.75%"
"06/24/2020","92.36","94.76","95.56","91.45","44.94M","-2.26%"
"06/23/2020","94.50","95.51","96.42","94.08","37.51M","-0.81%"
"06/22/2020","95.27","93.00","95.31","92.73","39.85M","2.87%"
"06/19/2020","92.61","92.42","94.45","92.27","52.42M","0.47%"
"06/18/2020","92.18","92.27","92.83","91.14","25.44M","-0.19%"
"06/17/2020","92.36","91.14","92.99","90.70","40.83M","1.84%"
"06/16/2020","90.69","92.25","92.67","88.39","53.57M","-1.14%"
"06/15/2020","91.74","88.15","91.82","87.44","40.00M","2.70%"
"06/12/2020","89.33","91.62","91.87","87.03","57.09M","1.56%"
"06/11/2020","87.96","91.50","92.61","87.86","58.37M","-6.10%"
"06/10/2020","93.67","91.68","95.00","91.53","63.22M","3.55%"
"06/09/2020","90.46","88.00","91.10","87.51","46.85M","2.74%"
"06/08/2020","88.05","88.77","88.90","86.86","38.77M","-1.29%"
"06/05/2020","89.20","87.94","89.97","87.08","48.17M","1.75%"
"06/04/2020","87.67","87.28","89.43","86.78","42.43M","-0.02%"
"06/03/2020","87.69","88.22","88.66","87.00","36.54M","-0.63%"
"06/02/2020","88.25","87.96","88.37","86.58","39.13M","0.22%"
"06/01/2020","88.06","88.33","88.41","86.89","39.05M","-0.78%"
"05/29/2020","88.75","85.55","88.75","84.85","74.59M","4.57%"
"05/28/2020","84.87","84.12","87.61","83.79","73.61M","-0.45%"
"05/27/2020","85.25","86.25","86.33","79.97","117.59M","-2.21%"
"05/26/2020","87.18","91.57","91.82","86.72","77.08M","-3.41%"
"05/22/2020","90.26","88.25","90.93","87.13","103.88M","2.86%"
"05/21/2020","87.75","90.52","90.52","87.38","76.11M","-2.17%"
"05/20/2020","89.70","89.91","90.43","88.89","58.75M","1.86%"
"05/19/2020","88.06","87.90","90.88","87.63","71.73M","0.64%"
"05/18/2020","87.50","87.61","89.17","86.81","77.64M","3.05%"
"05/15/2020","84.91","78.90","85.00","78.74","98.77M","5.73%"
"05/14/2020","80.31","78.42","80.36","76.88","60.23M","3.23%"
"05/13/2020","77.80","79.17","80.78","75.95","62.59M","-0.29%"
"05/12/2020","78.03","81.23","81.72","77.93","49.31M","-3.26%"
"05/11/2020","80.66","78.08","81.12","77.79","46.91M","3.25%"
"05/08/2020","78.12","76.94","78.19","76.60","33.99M","2.49%"
"05/07/2020","76.22","75.84","76.85","75.33","37.37M","2.38%"
"05/06/2020","74.45","74.23","75.50","73.85","32.35M","1.38%"
"05/05/2020","73.44","73.87","75.07","72.82","36.89M","0.85%"
"05/04/2020","72.82","70.22","72.96","70.22","31.76M","3.01%"
"05/01/2020","70.69","71.09","72.22","70.21","34.21M","-3.26%"
"04/30/2020","73.07","74.07","74.61","72.93","37.59M","-2.06%"
"04/29/2020","74.61","74.19","75.14","73.44","37.92M","2.43%"
"04/28/2020","72.84","75.75","76.05","72.78","44.29M","-1.93%"
"04/27/2020","74.27","73.75","75.88","73.50","47.94M","2.58%"
"04/24/2020","72.40","70.90","72.42","70.15","35.26M","1.97%"
"04/23/2020","71.00","71.96","73.28","70.75","42.42M","-0.75%"
"04/22/2020","71.54","69.31","71.97","68.85","48.47M","6.17%"
"04/21/2020","67.38","70.58","71.19","66.78","73.52M","-6.10%"
"04/20/2020","71.76","71.81","73.38","71.32","44.94M","-1.81%"
"04/17/2020","73.08","74.50","74.72","71.73","53.91M","-0.80%"
"04/16/2020","73.67","71.77","74.75","71.64","74.56M","4.93%"
"04/15/2020","70.21","69.30","71.04","68.84","36.61M","-1.10%"
"04/14/2020","70.99","68.75","71.33","68.47","53.09M","5.23%"
"04/13/2020","67.46","65.14","67.55","64.25","39.84M","2.62%"
"04/09/2020","65.74","68.00","68.23","65.11","52.62M","-1.50%"
"04/08/2020","66.74","65.85","66.99","65.15","54.24M","3.06%"
"04/07/2020","64.76","69.33","69.56","64.33","78.45M","-3.49%"
"04/06/2020","67.10","63.81","67.47","63.23","72.79M","10.04%"
"04/03/2020","60.98","63.49","63.91","59.60","66.32M","-4.52%"
"04/02/2020","63.87","61.06","64.00","60.58","67.58M","5.10%"
"04/01/2020","60.77","63.91","65.38","60.32","65.69M","-7.78%"
"03/31/2020","65.90","66.80","68.85","64.44","95.00M","-0.75%"
"03/30/2020","66.40","63.84","66.49","63.40","60.23M","5.10%"
"03/27/2020","63.18","62.50","65.78","62.17","63.88M","-1.76%"
"03/26/2020","64.31","63.48","65.56","62.50","69.76M","4.72%"
"03/25/2020","61.41","63.45","65.45","60.91","79.34M","-1.43%"
"03/24/2020","62.30","57.25","63.16","57.01","110.16M","17.17%"
"03/23/2020","53.17","51.43","54.12","49.63","64.39M","3.36%"
"03/20/2020","51.44","54.75","57.58","51.28","80.46M","-3.38%"
"03/19/2020","53.24","50.49","54.18","48.35","76.55M","5.01%"
"03/18/2020","50.70","50.02","52.48","45.17","87.43M","-6.66%"
"03/17/2020","54.32","50.23","55.22","47.75","83.36M","10.63%"
"03/16/2020","49.10","53.10","56.52","48.50","72.70M","-18.45%"
"03/13/2020","60.21","57.62","60.26","54.90","63.48M","11.34%"
"03/12/2020","54.08","56.37","59.03","53.95","81.65M","-12.24%"
"03/11/2020","61.62","63.86","64.15","60.64","50.21M","-5.59%"
"03/10/2020","65.27","64.14","65.27","61.50","58.06M","6.37%"
"03/09/2020","61.36","59.98","64.85","59.55","61.42M","-7.74%"
"03/06/2020","66.51","66.52","67.10","64.50","51.54M","-2.65%"
"03/05/2020","68.32","69.12","70.80","67.88","54.03M","-3.95%"
"03/04/2020","71.13","67.55","71.22","66.80","59.74M","7.01%"
"03/03/2020","66.47","69.67","70.27","65.62","65.28M","-3.82%"
"03/02/2020","69.11","69.22","69.40","65.25","89.07M","2.35%"
"02/28/2020","67.52","60.61","68.11","60.45","113.47M","6.92%"
"02/27/2020","63.15","63.73","66.75","62.22","90.64M","-5.62%"
"02/26/2020","66.91","65.52","68.86","65.50","74.97M","2.14%"
"02/25/2020","65.51","69.08","69.70","64.49","105.55M","-4.11%"
"02/24/2020","68.32","67.55","70.47","67.00","85.69M","-7.07%"
"02/21/2020","73.52","76.05","76.30","72.67","76.93M","-4.73%"
"02/20/2020","77.17","78.19","79.08","74.09","81.01M","-1.91%"
"02/19/2020","78.67","75.37","78.85","75.37","69.43M","6.11%"
"02/18/2020","74.14","71.41","74.33","71.22","62.19M","2.33%"
"02/14/2020","72.45","71.81","73.74","71.50","104.19M","7.03%"
"02/13/2020","67.69","67.55","68.37","67.28","52.80M","-0.66%"
"02/12/2020","68.14","67.50","68.20","67.11","37.46M","1.75%"
"02/11/2020","66.97","66.83","68.12","66.21","63.86M","1.87%"
"02/10/2020","65.74","63.12","65.75","63.08","52.96M","4.52%"
"02/07/2020","62.90","63.16","63.38","62.64","18.98M","-1.04%"
"02/06/2020","63.56","63.03","63.56","62.22","21.83M","1.39%"
"02/05/2020","62.69","63.00","63.10","61.85","20.82M","1.47%"
"02/04/2020","61.78","61.51","61.98","61.01","27.15M","2.83%"
"02/03/2020","60.08","58.92","60.28","58.86","25.59M","1.64%"
"01/31/2020","59.11","60.99","61.11","58.69","37.04M","-3.81%"
"01/30/2020","61.45","60.40","61.59","59.85","29.05M","0.11%"
"01/29/2020","61.38","61.85","62.21","60.98","25.95M","-0.98%"
"01/28/2020","61.99","60.71","62.32","60.18","31.10M","3.23%"
"01/27/2020","60.05","59.56","60.56","58.06","47.05M","-4.10%"
"01/24/2020","62.62","64.38","64.88","62.08","37.35M","-0.95%"
"01/23/2020","63.22","62.93","63.30","62.04","24.45M","1.14%"
"01/22/2020","62.51","62.44","63.40","62.25","23.92M","0.86%"
"01/21/2020","61.98","61.95","62.32","61.64","21.79M","-0.55%"
"01/17/2020","62.32","62.42","62.50","61.84","25.38M","0.14%"
"01/16/2020","62.23","61.93","62.29","61.69","28.42M","1.37%"
"01/15/2020","61.39","61.95","62.17","61.13","26.31M","-0.70%"
"01/14/2020","61.82","62.56","62.82","61.69","35.96M","-1.86%"
"01/13/2020","62.99","61.91","63.25","61.69","32.03M","3.13%"
"01/10/2020","61.08","61.83","62.14","60.94","31.65M","0.53%"
"01/09/2020","60.76","60.96","61.48","60.21","25.54M","1.11%"
"01/08/2020","60.09","59.94","60.51","59.54","27.72M","0.18%"
"01/07/2020","59.98","59.55","60.44","59.10","31.92M","1.20%"
"01/06/2020","59.27","58.08","59.32","57.82","26.29M","0.42%"
"01/03/2020","59.02","58.77","59.46","58.52","20.58M","-1.60%"
"01/02/2020","59.98","59.69","59.98","59.18","23.77M","1.95%"
"12/31/2019","58.83","57.73","58.92","57.53","23.12M","1.29%"
"12/30/2019","58.08","59.00","59.05","57.77","25.82M","-1.93%"
"12/27/2019","59.22","59.95","60.09","58.95","25.48M","-0.97%"
"12/26/2019","59.80","59.69","60.08","59.50","18.32M","0.23%"
"12/24/2019","59.66","59.55","59.83","59.20","13.89M","-0.07%"
"12/23/2019","59.70","60.13","60.45","59.60","35.54M","-0.23%"
"12/20/2019","59.84","59.53","60.10","59.34","60.34M","1.65%"
"12/19/2019","58.87","57.73","59.00","57.67","45.31M","2.60%"
"12/18/2019","57.38","57.42","57.98","57.34","34.43M","0.54%"
"12/17/2019","57.07","56.48","57.30","56.38","32.33M","1.39%"
"12/16/2019","56.29","56.48","57.02","56.19","32.13M","0.52%"
"12/13/2019","56.00","56.05","57.24","55.45","45.50M","-0.04%"
"12/12/2019","56.02","54.05","56.20","53.95","40.61M","3.09%"
"12/11/2019","54.34","53.60","54.39","53.58","23.40M","1.59%"
"12/10/2019","53.49","53.34","54.02","52.81","25.67M","0.85%"
"12/09/2019","53.04","52.81","53.59","52.73","21.51M","0.00%"
"12/06/2019","53.04","52.88","53.37","52.78","23.24M","1.63%"
"12/05/2019","52.19","52.58","52.73","51.88","18.51M","-0.31%"
"12/04/2019","52.35","52.76","52.98","52.07","27.36M","0.85%"
"12/03/2019","51.91","50.47","51.95","50.09","47.41M","-0.76%"
"12/02/2019","52.31","54.12","54.25","52.16","37.39M","-3.47%"
"11/29/2019","54.19","54.25","54.53","53.95","14.16M","-0.68%"
"11/27/2019","54.56","54.67","55.01","54.30","21.64M","0.57%"
"11/26/2019","54.25","55.12","55.17","54.19","38.57M","-1.90%"
"11/25/2019","55.30","54.01","55.35","53.88","50.73M","4.89%"
"11/22/2019","52.72","52.77","53.24","52.48","22.41M","0.32%"
"11/21/2019","52.55","52.75","53.31","52.33","28.84M","-0.47%"
"11/20/2019","52.80","51.77","53.64","51.64","47.30M","1.54%"
"11/19/2019","52.00","52.76","52.99","51.41","41.54M","-2.02%"
"11/18/2019","53.07","50.97","53.34","50.94","57.53M","3.96%"
"11/15/2019","51.05","52.42","52.94","50.16","105.42M","-2.67%"
"11/14/2019","52.45","52.23","52.47","51.63","52.70M","0.59%"
"11/13/2019","52.14","52.09","52.37","51.48","30.24M","-0.50%"
"11/12/2019","52.40","52.43","52.97","52.08","28.38M","0.67%"
"11/11/2019","52.05","51.94","52.28","51.07","24.38M","0.19%"
"11/08/2019","51.95","51.91","52.26","51.54","18.94M","-0.27%"
"11/07/2019","52.09","52.78","52.92","51.63","28.03M","0.35%"
"11/06/2019","51.91","52.16","52.42","51.03","26.90M","-0.94%"
"11/05/2019","52.40","52.62","52.88","51.92","30.09M","-0.42%"
"11/04/2019","52.62","51.46","52.75","51.23","37.67M","3.89%"
"11/01/2019","50.65","49.90","50.97","49.65","28.36M","0.78%"
"10/31/2019","50.26","50.54","50.75","49.45","20.97M","-0.97%"
"10/30/2019","50.75","51.00","51.06","50.06","20.60M","0.04%"
"10/29/2019","50.73","51.56","51.62","50.53","21.12M","-1.88%"
"10/28/2019","51.70","51.58","52.23","51.28","33.08M","1.11%"
"10/25/2019","51.13","50.02","51.35","49.95","42.31M","3.88%"
"10/24/2019","49.22","49.19","49.55","48.84","23.90M","0.92%"
"10/23/2019","48.77","48.08","48.91","47.76","28.58M","-0.27%"
"10/22/2019","48.90","49.58","50.63","48.83","33.74M","-0.20%"
"10/21/2019","49.00","48.24","49.14","48.05","26.70M","2.90%"
"10/18/2019","47.62","48.58","48.91","46.88","30.76M","-1.96%"
"10/17/2019","48.57","49.00","49.45","48.02","26.43M","0.04%"
"10/16/2019","48.55","48.75","49.80","48.44","43.28M","-1.10%"
"10/15/2019","49.09","47.54","49.82","47.40","66.80M","5.28%"
"10/14/2019","46.63","46.41","46.84","46.10","21.03M","0.28%"
"10/11/2019","46.50","46.60","47.34","46.41","45.09M","1.62%"
"10/10/2019","45.76","45.16","46.27","45.10","32.75M","1.28%"
"10/09/2019","45.18","45.08","45.67","44.79","30.79M","1.96%"
"10/08/2019","44.31","45.16","45.16","44.12","44.93M","-3.84%"
"10/07/2019","46.08","46.15","47.09","46.06","48.83M","1.30%"
"10/04/2019","45.49","45.35","45.79","44.70","26.80M","0.35%"
"10/03/2019","45.33","43.30","45.39","43.00","46.27M","4.79%"
"10/02/2019","43.26","43.28","43.40","42.53","29.57M","-0.55%"
"10/01/2019","43.50","43.75","45.25","43.45","36.76M","-0.05%"
"09/30/2019","43.52","43.20","43.62","42.89","19.32M","1.35%"
"09/27/2019","42.94","43.91","44.42","42.33","36.60M","-3.16%"
"09/26/2019","44.34","44.46","44.55","43.82","23.78M","-0.49%"
"09/25/2019","44.56","43.13","44.76","42.68","31.31M","3.32%"
"09/24/2019","43.13","44.02","44.32","42.77","32.12M","-1.33%"
"09/23/2019","43.71","43.17","44.17","43.14","25.58M","1.25%"
"09/20/2019","43.17","44.23","44.46","43.07","35.73M","-2.40%"
"09/19/2019","44.23","45.05","45.24","44.13","25.63M","-1.69%"
"09/18/2019","44.99","45.20","45.35","44.12","26.40M","-0.62%"
"09/17/2019","45.27","45.12","45.31","44.65","22.85M","0.49%"
"09/16/2019","45.05","44.73","45.40","44.62","23.18M","-0.95%"
"09/13/2019","45.48","45.40","45.77","45.05","32.46M","-1.28%"
"09/12/2019","46.07","46.55","47.10","45.99","32.78M","-0.02%"
"09/11/2019","46.08","45.94","46.57","45.65","36.15M","0.61%"
"09/10/2019","45.80","44.80","46.06","44.70","35.28M","1.51%"
"09/09/2019","45.12","44.98","45.99","44.96","41.75M","1.03%"
"09/06/2019","44.66","44.70","45.27","44.28","37.70M","-0.62%"
"09/05/2019","44.94","43.22","45.00","43.20","69.65M","6.52%"
"09/04/2019","42.19","41.65","42.27","41.65","22.81M","2.80%"
"09/03/2019","41.04","41.15","41.48","40.81","29.65M","-2.01%"
"08/30/2019","41.88","42.22","42.72","41.70","29.09M","0.31%"
"08/29/2019","41.75","41.23","42.08","41.19","35.84M","3.60%"
"08/28/2019","40.30","40.15","40.84","39.75","25.58M","-0.37%"
"08/27/2019","40.45","41.75","41.77","40.16","29.15M","-2.20%"
"08/26/2019","41.36","41.40","41.65","40.98","31.86M","1.85%"
"08/23/2019","40.61","42.10","42.65","40.41","56.95M","-5.27%"
"08/22/2019","42.87","42.91","43.33","42.48","30.38M","0.14%"
"08/21/2019","42.81","42.63","43.36","42.41","42.79M","2.00%"
"08/20/2019","41.97","42.64","42.65","41.76","46.35M","-1.71%"
"08/19/2019","42.70","41.03","42.85","40.87","81.63M","7.04%"
"08/16/2019","39.89","39.84","40.38","39.22","101.54M","7.26%"
"08/15/2019","37.19","37.71","37.91","36.85","55.45M","-0.88%"
"08/14/2019","37.52","38.13","38.24","37.08","41.99M","-3.82%"
"08/13/2019","39.01","37.85","39.48","37.46","36.05M","3.04%"
"08/12/2019","37.86","38.02","38.55","37.64","27.92M","-1.79%"
"08/09/2019","38.55","39.15","39.19","38.04","34.18M","-2.55%"
"08/08/2019","39.56","39.05","39.58","38.48","30.93M","2.83%"
"08/07/2019","38.47","37.48","38.59","37.30","37.26M","1.00%"
"08/06/2019","38.09","38.45","38.91","37.61","36.13M","1.03%"
"08/05/2019","37.70","38.45","38.46","37.23","58.92M","-6.45%"
"08/02/2019","40.30","40.30","40.99","39.82","42.83M","-2.26%"
"08/01/2019","41.23","42.28","43.20","40.71","42.12M","-2.25%"
"07/31/2019","42.18","43.55","43.55","41.76","35.94M","-3.83%"
"07/30/2019","43.86","43.24","43.98","43.09","19.78M","0.37%"
"07/29/2019","43.70","43.70","43.87","42.82","24.82M","-0.16%"
"07/26/2019","43.77","43.62","44.24","43.62","27.42M","0.99%"
"07/25/2019","43.34","44.25","44.38","43.11","39.27M","-2.96%"
"07/24/2019","44.66","44.35","44.72","43.59","36.62M","1.71%"
"07/23/2019","43.91","43.23","43.94","43.07","42.82M","2.52%"
"07/22/2019","42.83","42.33","42.96","42.25","31.59M","1.71%"
"07/19/2019","42.11","42.93","42.99","42.05","34.49M","-1.03%"
"07/18/2019","42.55","42.53","43.18","41.96","44.32M","0.28%"
"07/17/2019","42.43","41.79","42.50","41.49","34.82M","1.58%"
"07/16/2019","41.77","41.67","42.04","41.21","34.14M","-0.12%"
"07/15/2019","41.82","42.12","42.28","41.53","28.98M","-0.19%"
"07/12/2019","41.90","41.85","42.62","41.85","50.64M","0.79%"
"07/11/2019","41.57","40.75","41.98","40.38","68.26M","3.87%"
"07/10/2019","40.02","39.77","40.59","39.62","45.21M","1.75%"
"07/09/2019","39.33","38.88","39.61","38.75","34.29M","0.08%"
"07/08/2019","39.30","39.46","39.65","39.00","32.98M","-1.90%"
"07/05/2019","40.06","40.10","40.15","39.42","39.66M","-1.55%"
"07/03/2019","40.69","40.79","40.85","40.09","24.66M","0.32%"
"07/02/2019","40.56","41.38","41.59","40.42","40.02M","-2.36%"
"07/01/2019","41.54","43.14","43.49","41.16","71.15M","1.17%"
"06/28/2019","41.06","41.25","41.34","40.59","39.77M","0.61%"
"06/27/2019","40.81","40.68","41.00","40.31","44.54M","2.51%"
"06/26/2019","39.81","39.15","40.43","39.02","58.41M","5.12%"
"06/25/2019","37.87","38.22","38.97","37.84","31.19M","-0.76%"
"06/24/2019","38.16","38.16","38.46","37.68","28.29M","0.58%"
"06/21/2019","37.94","38.38","38.87","37.88","43.44M","-1.51%"
"06/20/2019","38.52","39.19","39.33","38.38","35.02M","0.63%"
"06/19/2019","38.28","38.58","38.69","38.02","33.16M","0.16%"
"06/18/2019","38.22","36.88","38.78","36.77","58.19M","5.41%"
"06/17/2019","36.26","36.14","36.63","35.91","27.60M","0.28%"
"06/14/2019","36.16","36.13","36.37","35.71","39.44M","-2.43%"
"06/13/2019","37.06","36.77","37.25","36.59","30.81M","1.40%"
"06/12/2019","36.55","37.25","37.31","36.40","35.89M","-3.02%"
"06/11/2019","37.69","37.71","38.09","37.29","38.39M","1.56%"
"06/10/2019","37.11","36.94","37.80","36.94","40.28M","2.01%"
"06/07/2019","36.38","36.01","36.72","35.81","34.89M","1.20%"
"06/06/2019","35.95","35.36","36.19","35.34","40.81M","1.78%"
"06/05/2019","35.32","36.49","36.55","34.95","51.16M","-1.20%"
"06/04/2019","35.75","34.09","35.80","33.87","64.18M","6.88%"
"06/03/2019","33.45","33.98","34.37","33.15","47.86M","-1.24%"
"05/31/2019","33.87","34.28","34.61","33.85","38.97M","-2.62%"
"05/30/2019","34.78","35.08","35.44","34.39","39.43M","-0.88%"
"05/29/2019","35.09","35.35","35.70","34.73","55.98M","-2.07%"
"05/28/2019","35.83","36.47","36.80","35.81","42.84M","-1.27%"
"05/24/2019","36.29","37.02","37.38","36.22","35.76M","-1.47%"
"05/23/2019","36.83","37.42","37.42","36.23","59.18M","-3.21%"
"05/22/2019","38.05","38.38","38.64","37.94","32.59M","-1.86%"
"05/21/2019","38.77","38.55","38.92","38.16","36.18M","2.19%"
"05/20/2019","37.94","38.14","38.69","37.69","57.21M","-3.04%"
"05/17/2019","39.13","39.62","40.93","38.73","102.21M","-2.30%"
"05/16/2019","40.05","39.84","40.48","39.41","78.11M","0.38%"
"05/15/2019","39.90","39.95","40.26","39.35","50.23M","-1.51%"
"05/14/2019","40.51","40.01","40.87","39.62","52.49M","2.27%"
"05/13/2019","39.61","40.88","41.11","39.45","65.69M","-6.14%"
"05/10/2019","42.20","42.24","42.90","41.00","56.95M","-0.82%"
"05/09/2019","42.55","42.78","42.88","41.35","66.02M","-2.14%"
"05/08/2019","43.48","43.00","44.29","42.88","41.92M","0.46%"
"05/07/2019","43.28","44.48","44.48","42.79","55.52M","-3.74%"
"05/06/2019","44.96","43.88","45.09","43.50","42.22M","-1.73%"
"05/03/2019","45.75","45.88","45.98","45.13","33.68M","-0.11%"
"05/02/2019","45.80","45.22","46.22","44.78","39.47M","1.51%"
"05/01/2019","45.12","45.78","46.20","45.12","35.43M","-0.29%"
"04/30/2019","45.25","44.51","45.51","44.31","36.29M","0.94%"
"04/29/2019","44.83","44.60","45.11","43.88","39.19M","0.70%"
"04/26/2019","44.52","45.18","45.22","43.33","86.90M","-4.73%"
"04/25/2019","46.73","47.39","47.61","45.92","49.93M","-2.22%"
"04/24/2019","47.79","47.77","48.20","47.16","31.82M","0.25%"
"04/23/2019","47.67","47.25","47.98","47.15","34.69M","1.17%"
"04/22/2019","47.12","46.34","47.27","46.02","27.99M","1.16%"
"04/18/2019","46.58","46.89","47.23","46.30","38.10M","-0.51%"
"04/17/2019","46.82","47.41","47.62","46.60","35.10M","-0.49%"
"04/16/2019","47.05","46.57","47.24","46.24","39.50M","1.91%"
"04/15/2019","46.17","47.42","47.48","45.77","44.01M","-2.80%"
"04/12/2019","47.50","48.27","48.31","47.41","47.17M","-0.79%"
"04/11/2019","47.88","48.05","48.37","47.39","37.46M","-0.29%"
"04/10/2019","48.02","47.31","48.28","47.26","44.48M","1.50%"
"04/09/2019","47.31","47.61","47.72","46.89","44.00M","-1.33%"
"04/08/2019","47.95","47.43","48.20","47.19","42.42M","0.44%"
"04/05/2019","47.74","47.50","47.91","47.13","48.17M","1.44%"
"04/04/2019","47.06","47.00","47.49","46.43","45.74M","-0.21%"
"04/03/2019","47.16","46.25","47.75","46.20","78.88M","3.08%"
"04/02/2019","45.75","45.81","46.20","45.38","44.09M","0.39%"
"04/01/2019","45.57","45.81","45.88","45.09","48.38M","1.51%"
"03/29/2019","44.89","44.98","45.13","44.48","45.69M","1.31%"
"03/28/2019","44.31","44.39","44.98","43.78","48.03M","0.43%"
"03/27/2019","44.12","44.48","44.94","43.42","47.44M","-0.23%"
"03/26/2019","44.22","44.87","45.44","43.65","70.35M","1.77%"
"03/25/2019","43.45","43.97","44.61","42.78","52.52M","-2.10%"
"03/22/2019","44.38","45.71","46.20","44.23","74.76M","-3.48%"
"03/21/2019","45.98","43.83","46.25","43.78","82.43M","5.46%"
"03/20/2019","43.60","44.22","44.76","43.25","71.91M","-0.75%"
"03/19/2019","43.93","43.19","44.38","43.02","85.50M","4.00%"
"03/18/2019","42.24","42.77","43.31","41.96","48.70M","-0.49%"
"03/15/2019","42.45","41.83","42.88","41.79","66.15M","2.56%"
"03/14/2019","41.39","42.25","42.37","41.31","51.94M","-1.83%"
"03/13/2019","42.16","41.01","42.45","40.93","76.89M","3.77%"
"03/12/2019","40.63","40.56","41.10","39.80","57.96M","0.87%"
"03/11/2019","40.28","37.90","40.52","37.42","85.97M","6.96%"
"03/08/2019","37.66","36.41","37.77","36.20","42.24M","0.94%"
"03/07/2019","37.31","37.77","37.87","36.85","45.01M","-1.84%"
"03/06/2019","38.01","39.04","39.12","37.98","40.35M","-2.86%"
"03/05/2019","39.13","39.04","39.51","38.49","36.29M","-0.18%"
"03/04/2019","39.20","39.50","39.73","38.62","41.00M","0.23%"
"03/01/2019","39.11","39.07","39.54","38.48","35.72M","1.43%"
"02/28/2019","38.56","38.75","38.98","38.34","32.49M","-0.75%"
"02/27/2019","38.85","39.13","39.40","38.28","50.03M","-1.07%"
"02/26/2019","39.27","39.62","40.19","38.94","48.85M","-1.01%"
"02/25/2019","39.67","40.64","41.32","39.59","65.60M","-0.33%"
"02/22/2019","39.80","39.47","39.99","39.33","40.17M","2.21%"
"02/21/2019","38.94","39.77","40.01","38.80","44.85M","-1.77%"
"02/20/2019","39.64","39.45","40.31","39.34","54.10M","1.23%"
"02/19/2019","39.16","39.23","39.97","39.03","55.19M","-0.46%"
"02/15/2019","39.34","40.74","40.97","39.10","151.67M","1.84%"
"02/14/2019","38.63","38.21","38.92","37.77","82.73M","1.07%"
"02/13/2019","38.22","38.09","38.96","37.95","60.54M","1.14%"
"02/12/2019","37.79","37.00","37.95","36.85","59.11M","3.22%"
"02/11/2019","36.61","36.60","37.15","36.12","49.52M","-1.16%"
"02/08/2019","37.04","36.18","37.15","36.03","46.16M","0.52%"
"02/07/2019","36.85","37.78","37.80","36.42","63.71M","-3.66%"
"02/06/2019","38.25","37.82","38.90","37.77","70.25M","2.03%"
"02/05/2019","37.49","37.41","37.86","37.08","54.24M","0.51%"
"02/04/2019","37.30","36.34","37.67","36.12","52.86M","3.10%"
"02/01/2019","36.18","36.12","36.70","35.65","62.50M","0.67%"
"01/31/2019","35.94","34.31","36.30","34.10","84.29M","4.63%"
"01/30/2019","34.35","33.67","34.49","32.87","97.42M","4.41%"
"01/29/2019","32.90","34.04","34.52","32.75","115.39M","-4.64%"
"01/28/2019","34.50","34.14","35.41","32.75","251.15M","-13.84%"
"01/25/2019","40.04","38.86","40.22","37.83","115.52M","1.47%"
"01/24/2019","39.46","38.17","39.64","38.13","70.90M","5.73%"
"01/23/2019","37.32","37.75","38.65","37.01","59.10M","0.35%"
"01/22/2019","37.19","38.93","39.05","36.89","66.16M","-5.20%"
"01/18/2019","39.23","38.43","39.49","37.91","65.13M","3.43%"
"01/17/2019","37.93","36.88","38.33","36.60","49.34M","1.93%"
"01/16/2019","37.21","37.74","38.08","37.15","47.01M","-0.69%"
"01/15/2019","37.47","37.94","38.34","37.28","61.70M","-0.37%"
"01/14/2019","37.61","36.68","37.87","36.44","73.02M","1.07%"
"01/11/2019","37.21","36.08","37.44","35.80","87.48M","2.48%"
"01/10/2019","36.31","35.45","36.40","34.84","52.32M","1.85%"
"01/09/2019","35.65","35.48","36.12","34.97","61.73M","1.97%"
"01/08/2019","34.96","36.67","36.70","34.23","78.60M","-2.48%"
"01/07/2019","35.85","34.62","36.22","34.11","70.92M","5.29%"
"01/04/2019","34.05","32.73","34.43","32.42","58.56M","6.41%"
"01/03/2019","32.00","33.45","33.79","31.92","70.56M","-6.02%"
"01/02/2019","34.05","32.66","34.62","32.51","50.88M","2.01%"
"12/31/2018","33.38","33.85","34.18","33.06","46.51M","-0.09%"
"12/28/2018","33.41","33.00","34.35","32.58","62.85M","1.89%"
"12/27/2018","32.79","32.75","33.09","31.30","63.70M","-1.44%"
"12/26/2018","33.27","32.23","33.28","31.11","69.51M","4.72%"
"12/24/2018","31.77","31.62","32.49","31.12","46.38M","-1.91%"
"12/21/2018","32.39","34.04","34.38","32.12","86.37M","-4.09%"
"12/20/2018","33.77","34.54","35.45","33.17","74.96M","-2.48%"
"12/19/2018","34.63","36.40","36.94","34.11","74.54M","-5.72%"
"12/18/2018","36.73","36.34","37.58","36.06","56.44M","2.31%"
"12/17/2018","35.90","36.31","37.04","35.31","66.29M","-1.94%"
"12/14/2018","36.61","36.80","37.65","36.38","47.18M","-1.64%"
"12/13/2018","37.22","37.70","38.34","36.86","47.14M","-0.03%"
"12/12/2018","37.23","37.10","38.20","36.20","65.41M","0.49%"
"12/11/2018","37.05","38.89","38.97","36.25","67.19M","-2.42%"
"12/10/2018","37.97","36.45","38.21","36.41","62.95M","2.90%"
"12/07/2018","36.90","39.62","39.72","36.40","68.17M","-6.75%"
"12/06/2018","39.57","37.86","39.62","37.70","69.23M","0.74%"
"12/04/2018","39.28","42.06","42.11","39.12","81.21M","-7.60%"
"12/03/2018","42.51","43.15","43.67","41.84","89.08M","4.04%"
"11/30/2018","40.86","39.44","40.96","38.93","72.96M","3.86%"
"11/29/2018","39.34","40.00","40.38","39.03","54.92M","-1.70%"
"11/28/2018","40.02","39.62","40.07","38.28","80.45M","4.14%"
"11/27/2018","38.43","38.00","39.25","37.64","73.81M","0.44%"
"11/26/2018","38.26","37.47","38.37","36.64","81.48M","5.54%"
"11/23/2018","36.25","35.83","37.40","35.70","41.20M","0.19%"
"11/21/2018","36.18","38.66","38.83","35.90","102.55M","-2.92%"
"11/20/2018","37.27","33.52","38.56","33.33","169.20M","3.04%"
"11/19/2018","36.17","40.45","40.45","36.16","169.78M","-12.02%"
"11/16/2018","41.11","40.83","42.66","40.40","196.35M","-18.75%"
"11/15/2018","50.60","49.24","51.33","48.88","84.07M","2.64%"
"11/14/2018","49.30","51.58","51.72","48.21","52.66M","-1.06%"
"11/13/2018","49.83","48.37","51.05","48.31","64.47M","5.17%"
"11/12/2018","47.38","50.49","50.72","47.16","61.71M","-7.86%"
"11/09/2018","51.42","50.60","52.33","50.26","41.32M","-0.16%"
"11/08/2018","51.50","52.85","52.86","50.96","51.14M","-3.65%"
"11/07/2018","53.45","53.44","54.35","52.80","48.38M","1.29%"
"11/06/2018","52.77","52.86","53.71","52.39","29.90M","-0.32%"
"11/05/2018","52.94","53.60","53.83","51.32","37.93M","-1.47%"
"11/02/2018","53.73","54.43","55.50","52.55","45.30M","-1.47%"
"11/01/2018","54.53","53.08","54.62","51.80","56.65M","3.45%"
"10/31/2018","52.71","52.41","53.15","51.00","74.58M","3.86%"
"10/30/2018","50.75","46.64","50.85","46.41","80.72M","9.35%"
"10/29/2018","46.41","51.00","51.03","44.00","75.80M","-6.37%"
"10/26/2018","49.57","49.58","51.21","48.28","66.48M","-4.60%"
"10/25/2018","51.96","48.87","52.44","48.42","95.17M","4.23%"
"10/24/2018","49.85","54.88","55.35","49.71","88.43M","-9.81%"
"10/23/2018","55.27","55.11","56.05","54.18","62.64M","-4.38%"
"10/22/2018","57.80","57.82","58.83","56.77","36.88M","0.89%"
"10/19/2018","57.29","60.44","60.64","56.92","61.36M","-4.33%"
"10/18/2018","59.88","61.47","61.85","59.27","52.40M","-1.46%"
"10/17/2018","60.77","62.09","62.47","60.27","32.97M","-1.12%"
"10/16/2018","61.46","59.98","61.57","59.48","40.87M","4.45%"
"10/15/2018","58.84","61.50","61.50","58.84","44.98M","-4.53%"
"10/12/2018","61.63","61.38","62.39","59.91","60.82M","4.85%"
"10/11/2018","58.78","60.54","61.89","58.57","72.54M","-4.30%"
"10/10/2018","61.42","65.31","65.78","61.40","68.49M","-7.49%"
"10/09/2018","66.39","66.23","67.19","65.70","27.35M","-0.08%"
"10/08/2018","66.44","66.62","67.79","65.02","40.86M","-1.53%"
"10/05/2018","67.47","69.57","70.20","66.89","42.66M","-3.37%"
"10/04/2018","69.82","71.32","71.56","69.05","39.12M","-2.59%"
"10/03/2018","71.68","72.33","72.41","70.63","32.06M","0.08%"
"10/02/2018","71.62","72.06","73.19","71.39","38.40M","-1.00%"
"10/01/2018","72.34","71.04","73.02","70.65","62.21M","2.98%"
"09/28/2018","70.25","68.18","70.48","67.90","70.94M","5.09%"
"09/27/2018","66.85","67.08","67.30","66.53","21.44M","0.18%"
"09/26/2018","66.73","67.15","67.56","66.57","26.85M","-0.55%"
"09/25/2018","67.10","67.09","67.36","66.23","28.04M","1.02%"
"09/24/2018","66.42","65.55","66.46","64.67","29.39M","0.85%"
"09/21/2018","65.86","66.69","67.15","65.53","43.51M","-1.07%"
"09/20/2018","66.57","66.76","67.19","66.03","43.06M","-2.10%"
"09/19/2018","68.00","67.57","68.17","67.06","22.49M","0.37%"
"09/18/2018","67.75","68.52","69.56","67.69","29.95M","-1.07%"
"09/17/2018","68.48","68.85","69.34","68.29","20.55M","-0.91%"
"09/14/2018","69.11","68.75","69.78","68.38","38.69M","1.89%"
"09/13/2018","67.83","67.72","68.75","67.54","30.55M","1.16%"
"09/12/2018","67.05","67.80","68.00","65.48","41.91M","-1.69%"
"09/11/2018","68.20","68.22","69.10","68.00","24.31M","-0.70%"
"09/10/2018","68.68","68.19","68.98","67.75","22.01M","1.04%"
"09/07/2018","67.97","67.25","69.23","66.80","29.54M","-0.31%"
"09/06/2018","68.18","69.44","69.47","67.85","32.28M","-2.05%"
"09/05/2018","69.61","70.75","71.11","68.79","39.32M","-1.85%"
"09/04/2018","70.92","70.04","71.31","69.75","39.17M","1.07%"
"08/31/2018","70.17","69.25","70.30","69.15","30.66M","1.04%"
"08/30/2018","69.45","69.31","70.43","69.08","34.66M","-0.24%"
"08/29/2018","69.62","68.48","69.88","68.27","42.01M","1.50%"
"08/28/2018","68.59","68.92","69.14","67.38","47.54M","-0.55%"
"08/27/2018","68.97","68.36","69.72","68.04","50.58M","1.34%"
"08/24/2018","68.06","66.80","68.20","66.75","53.15M","2.02%"
"08/23/2018","66.71","65.31","67.37","65.18","72.07M","1.54%"
"08/22/2018","65.70","63.00","65.75","62.97","74.99M","3.74%"
"08/21/2018","63.33","62.12","63.38","61.92","67.40M","2.21%"
"08/20/2018","61.96","60.80","63.30","59.68","85.44M","1.24%"
"08/17/2018","61.20","63.23","63.24","60.93","114.32M","-4.91%"
"08/16/2018","64.36","65.47","65.50","63.75","80.13M","-0.63%"
"08/15/2018","64.77","65.57","65.91","63.98","59.11M","-0.90%"
"08/14/2018","65.36","65.09","65.50","64.25","46.62M","2.08%"
"08/13/2018","64.03","63.78","65.25","63.77","37.52M","0.52%"
"08/10/2018","63.70","63.29","64.03","63.17","25.66M","-0.64%"
"08/09/2018","64.11","64.78","64.81","64.04","20.43M","-0.77%"
"08/08/2018","64.61","64.25","65.06","63.90","26.21M","0.58%"
"08/07/2018","64.24","64.00","64.42","63.73","25.81M","1.15%"
"08/06/2018","63.51","62.90","63.54","62.43","20.75M","0.78%"
"08/03/2018","63.02","62.90","63.27","62.73","21.43M","0.57%"
"08/02/2018","62.66","60.90","62.70","60.30","26.97M","1.69%"
"08/01/2018","61.62","61.53","62.09","60.97","28.36M","0.65%"
"07/31/2018","61.22","60.93","61.97","60.54","28.40M","0.31%"
"07/30/2018","61.03","63.15","63.21","60.68","34.03M","-3.14%"
"07/27/2018","63.01","64.08","64.15","62.46","29.54M","-1.10%"
"07/26/2018","63.71","62.77","64.08","62.59","32.51M","1.18%"
"07/25/2018","62.97","62.27","63.09","61.69","32.02M","1.27%"
"07/24/2018","62.18","62.84","63.71","62.00","35.46M","-0.27%"
"07/23/2018","62.35","62.45","62.47","60.82","30.16M","-0.59%"
"07/20/2018","62.72","62.98","63.38","62.61","22.25M","-0.46%"
"07/19/2018","63.01","62.73","63.35","62.58","23.58M","0.14%"
"07/18/2018","62.92","63.35","63.49","62.41","27.76M","-0.79%"
"07/17/2018","63.42","61.55","63.58","61.30","36.21M","2.21%"
"07/16/2018","62.05","62.05","62.59","61.92","19.70M","-0.45%"
"07/13/2018","62.33","62.99","62.99","61.91","24.72M","-0.76%"
"07/12/2018","62.81","62.34","63.29","62.24","34.55M","1.50%"
"07/11/2018","61.88","62.38","62.73","61.77","36.75M","-2.26%"
"07/10/2018","63.31","62.44","63.53","62.03","36.00M","1.60%"
"07/09/2018","62.31","62.58","62.68","61.52","30.39M","0.78%"
"07/06/2018","61.83","60.44","61.92","60.22","29.64M","1.90%"
"07/05/2018","60.68","59.77","60.73","59.38","30.62M","2.48%"
"07/03/2018","59.21","60.91","60.97","59.12","22.27M","-2.23%"
"07/02/2018","60.56","58.52","60.60","58.32","35.76M","2.25%"
"06/29/2018","59.23","60.87","61.00","59.21","39.23M","-1.64%"
"06/28/2018","60.22","58.83","60.34","58.75","33.80M","2.19%"
"06/27/2018","58.93","60.94","61.61","58.88","45.39M","-2.60%"
"06/26/2018","60.50","60.92","61.41","59.98","47.89M","1.20%"
"06/25/2018","59.78","61.66","61.70","58.88","66.58M","-4.72%"
"06/22/2018","62.74","64.49","64.62","62.58","43.42M","-2.40%"
"06/21/2018","64.28","65.90","66.08","64.20","35.95M","-1.98%"
"06/20/2018","65.58","65.46","66.11","65.07","36.98M","0.83%"
"06/19/2018","65.04","65.23","65.91","63.76","59.49M","-1.86%"
"06/18/2018","66.27","65.87","66.45","65.59","35.63M","-0.06%"
"06/15/2018","66.31","66.15","66.87","65.84","43.23M","-0.63%"
"06/14/2018","66.73","66.06","67.30","65.91","43.00M","1.72%"
"06/13/2018","65.60","65.66","66.42","65.51","33.82M","-0.06%"
"06/12/2018","65.64","65.42","65.77","64.92","31.92M","0.74%"
"06/11/2018","65.16","65.44","65.86","65.03","26.54M","-0.63%"
"06/08/2018","65.57","64.99","66.00","64.80","36.05M","-0.23%"
"06/07/2018","65.72","66.25","66.37","64.81","36.94M","-0.86%"
"06/06/2018","66.29","65.36","66.32","65.19","37.14M","0.03%"
"06/05/2018","66.27","66.25","66.65","65.79","39.17M","0.09%"
"06/04/2018","66.21","64.75","66.44","64.42","64.20M","2.79%"
"06/01/2018","64.41","63.50","64.47","63.41","42.20M","2.16%"
"05/31/2018","63.05","62.92","63.80","62.82","49.39M","-0.32%"
"05/30/2018","63.25","62.49","63.34","62.24","39.10M","1.77%"
"05/29/2018","62.15","62.14","62.84","61.67","35.27M","-0.27%"
"05/25/2018","62.32","62.05","62.48","61.69","29.21M","0.65%"
"05/24/2018","61.92","61.85","62.35","61.31","43.74M","0.06%"
"05/23/2018","61.88","60.07","61.90","60.06","44.30M","1.99%"
"05/22/2018","60.67","61.20","61.45","60.06","51.83M","-0.64%"
"05/21/2018","61.06","62.47","62.51","60.12","64.06M","-0.68%"
"05/18/2018","61.48","62.45","63.09","61.44","48.37M","-0.73%"
"05/17/2018","61.93","61.52","62.88","61.36","51.98M","0.70%"
"05/16/2018","61.50","61.00","62.13","60.63","55.38M","0.18%"
"05/15/2018","61.39","63.20","63.23","60.38","96.35M","-3.84%"
"05/14/2018","63.84","64.02","64.62","63.60","52.31M","0.33%"
"05/11/2018","63.63","63.20","64.95","62.63","121.45M","-2.15%"
"05/10/2018","65.03","64.48","65.12","64.30","99.41M","1.69%"
"05/09/2018","63.95","62.80","63.97","62.53","59.68M","2.16%"
"05/08/2018","62.60","62.17","62.63","61.68","50.66M","0.69%"
"05/07/2018","62.17","60.82","62.75","60.72","68.76M","4.02%"
"05/04/2018","59.77","57.96","59.80","57.78","40.07M","2.61%"
"05/03/2018","58.25","56.90","58.51","56.44","44.31M","2.95%"
"05/02/2018","56.58","56.75","57.20","56.31","26.82M","-0.35%"
"05/01/2018","56.78","56.14","56.81","55.55","25.38M","0.98%"
"04/30/2018","56.23","56.75","57.25","56.03","32.78M","-0.62%"
"04/27/2018","56.58","57.38","57.58","56.16","40.08M","0.50%"
"04/26/2018","56.30","55.80","56.39","55.13","37.58M","3.95%"
"04/25/2018","54.16","55.00","55.39","52.58","58.85M","-2.06%"
"04/24/2018","55.30","56.23","57.20","54.64","41.46M","-1.20%"
"04/23/2018","55.97","57.36","57.88","55.71","42.75M","-2.12%"
"04/20/2018","57.18","57.17","58.02","56.86","38.62M","-0.14%"
"04/19/2018","57.26","57.94","58.27","56.70","47.20M","-3.10%"
"04/18/2018","59.09","58.88","59.81","58.19","39.14M","-0.49%"
"04/17/2018","59.38","58.40","59.60","57.84","44.72M","2.61%"
"04/16/2018","57.87","57.94","58.21","56.92","35.08M","-0.02%"
"04/13/2018","57.88","59.29","59.38","57.39","50.30M","-1.31%"
"04/12/2018","58.65","57.50","58.83","57.05","59.39M","3.70%"
"04/11/2018","56.56","56.83","57.24","56.23","46.02M","-0.74%"
"04/10/2018","56.98","56.18","57.25","55.60","76.48M","5.81%"
"04/09/2018","53.85","54.20","55.49","53.65","49.95M","0.54%"
"04/06/2018","53.56","54.31","55.40","53.27","66.30M","-3.22%"
"04/05/2018","55.34","57.15","57.28","54.62","70.12M","-2.16%"
"04/04/2018","56.56","53.75","56.67","53.50","78.92M","0.39%"
"04/03/2018","56.34","56.95","57.59","55.34","66.74M","1.95%"
"04/02/2018","55.26","57.19","58.66","54.38","92.21M","-4.56%"
"03/29/2018","57.90","56.03","58.88","55.18","91.66M","4.63%"
"03/28/2018","55.34","56.03","57.35","54.25","94.59M","-1.84%"
"03/27/2018","56.38","61.94","62.50","54.96","140.90M","-7.76%"
"03/26/2018","61.12","59.50","61.13","58.98","61.14M","4.95%"
"03/23/2018","58.24","60.60","60.67","58.13","73.56M","-3.67%"
"03/22/2018","60.46","61.50","61.97","60.09","55.12M","-2.70%"
"03/21/2018","62.14","62.33","63.00","61.83","43.87M","-0.42%"
"03/20/2018","62.40","60.28","62.79","60.28","55.47M","3.57%"
"03/19/2018","60.25","62.05","62.34","59.25","71.38M","-3.78%"
"03/16/2018","62.62","62.50","62.81","62.12","39.95M","0.45%"
"03/15/2018","62.34","62.32","63.16","61.91","40.20M","0.24%"
"03/14/2018","62.19","62.36","62.64","61.55","50.55M","0.42%"
"03/13/2018","61.93","62.87","63.62","61.51","61.98M","-0.82%"
"03/12/2018","62.44","61.75","63.25","61.67","60.51M","1.81%"
"03/09/2018","61.33","60.77","61.46","60.61","50.55M","1.71%"
"03/08/2018","60.30","60.74","60.74","59.85","41.19M","-0.26%"
"03/07/2018","60.46","59.50","60.99","59.49","58.12M","-0.13%"
"03/06/2018","60.54","59.77","60.73","59.34","63.68M","2.77%"
"03/05/2018","58.91","58.63","59.31","57.38","62.08M","-0.37%"
"03/02/2018","59.13","56.97","59.20","55.46","91.34M","1.86%"
"03/01/2018","58.05","60.48","61.02","57.03","104.01M","-4.05%"
"02/28/2018","60.50","61.62","62.02","60.38","52.31M","-1.66%"
"02/27/2018","61.52","61.38","62.23","61.28","45.54M","-0.21%"
"02/26/2018","61.65","61.95","61.99","61.02","46.93M","0.28%"
"02/23/2018","61.48","61.14","61.48","60.63","41.53M","1.55%"
"02/22/2018","60.54","60.68","61.41","59.88","53.44M","0.26%"
"02/21/2018","60.38","62.92","62.99","60.34","89.23M","-3.04%"
"02/20/2018","62.27","61.19","62.97","61.15","68.62M","2.15%"
"02/16/2018","60.96","61.35","62.50","60.87","63.77M","-1.07%"
"02/15/2018","61.62","61.20","62.09","60.38","69.89M","2.10%"
"02/14/2018","60.35","57.75","60.65","57.64","74.50M","3.77%"
"02/13/2018","58.16","56.64","58.62","56.31","62.55M","2.02%"
"02/12/2018","57.01","58.84","58.87","56.26","109.32M","-1.74%"
"02/09/2018","58.02","59.56","59.72","54.38","167.46M","6.69%"
"02/08/2018","54.38","58.47","58.80","54.38","114.40M","-4.93%"
"02/07/2018","57.20","57.40","58.74","56.67","80.29M","1.42%"
"02/06/2018","56.40","51.10","56.42","51.00","111.48M","5.58%"
"02/05/2018","53.42","56.75","58.31","51.25","116.52M","-8.50%"
"02/02/2018","58.38","59.25","59.49","57.79","71.85M","-2.89%"
"02/01/2018","60.12","59.63","61.73","59.52","51.92M","-2.16%"
"01/31/2018","61.45","61.44","62.32","61.11","47.86M","1.27%"
"01/30/2018","60.68","60.28","61.60","59.60","57.08M","-1.67%"
"01/29/2018","61.71","60.69","62.03","60.15","45.51M","1.45%"