sym,name,sector,0,1,2,3,4
MMM,3M,Industrials,87.4478145087236,87.71139378673384,87.51427852348993,87.63701964133219,87.55963917525773
AOS,A. O. Smith,Industrials,21.53356290174472,21.72229219143577,21.59698825503356,21.64136635354398,21.612568728522337
ABT,Abbott,Health Care,37.04502295684114,37.25874895046179,37.10951342281879,37.221451750640476,37.1276030927835
ABBV,AbbVie,Health Care,69.38644210526316,69.99820267686424,69.93186538461538,69.967578125,70.018031496063
ACN,Accenture,Information Technology,87.3984365781711,88.36800180018002,87.87780575539568,88.10460622710622,87.82893186003683
ATVI,Activision Blizzard,Communication Services,25.552681359044996,25.812535684298908,25.689345637583894,25.840435525192145,25.682448453608245
ADM,ADM,Consumer Staples,28.139540863177228,28.368950461796807,28.2725,28.28163962425278,28.275756013745706
ADBE,Adobe Inc.,Information Technology,117.55826446280992,118.5614105793451,117.85494127516779,118.25122971818958,117.64235395189004
ADP,ADP,Industrials,66.42766758494031,67.0144416456759,66.62729026845638,66.73107600341588,66.75420103092783
AAP,Advance Auto Parts,Consumer Discretionary,86.00870870870871,86.52361390667886,86.15381170018281,86.2269488372093,86.06114232209738
AES,AES Corporation,Utilities,13.142745638200184,13.211133501259445,13.173162751677852,13.21064901793339,13.223548109965636
AFL,Aflac,Financials,24.237419651056015,24.42151973131822,24.33476510067114,24.343048676345003,24.373625429553265
A,Agilent Technologies,Health Care,42.845252525252526,43.258807724601176,43.09464765100671,43.23690862510674,43.161649484536085
APD,Air Products and Chemicals,Materials,93.88868686868686,94.75831234256927,94.27472315436242,94.35937660119556,94.25157216494846
AKAM,Akamai,Information Technology,49.41939393939394,49.619277917716204,49.48775167785235,49.64395388556789,49.46819587628866
ALK,Alaska Air Group,Industrials,28.613994490358127,28.80065491183879,28.673741610738254,28.710862510674634,28.722173539518902
ALB,Albemarle Corporation,Materials,57.40820936639118,58.23632241813603,57.96918624161074,57.90958155422715,58.04518041237113
ARE,Alexandria Real Estate Equities,Real Estate,70.28834710743801,70.73455919395467,70.50968120805369,70.63576430401366,70.48653780068729
ALGN,Align Technology,Health Care,106.83153994225216,107.87202464788732,107.08631161971832,107.6310394265233,107.0284851217313
ALLE,Allegion,Industrials,83.16364055299539,83.35464435146443,83.2881223628692,83.30528907922913,83.36127429805614
LNT,Alliant Energy,Utilities,21.06236914600551,21.203232577665826,21.10718120805369,21.15728437233134,21.14193298969072
ALL,Allstate,Financials,49.70324150596878,50.09678421494542,49.873187919463085,49.94723313407344,49.97558419243986
GOOGL,Alphabet Inc. (Class A),Communication Services,37.85559263521289,38.13294858342077,37.999213836477985,38.04715351812367,37.94820622986036
GOOG,Alphabet Inc. (Class C),Communication Services,37.72156501726122,38.00374606505771,37.864412997903564,37.914712153518124,37.82419978517723
MO,Altria,Consumer Staples,19.94775941230487,20.08410579345088,20.0115855704698,20.047779675491032,20.03368556701031
AMZN,Amazon,Consumer Discretionary,34.405261707988984,34.69969773299748,34.49510906040268,34.630896669513234,34.30646907216495
AMCR,Amcor,Materials,8.532574257425741,8.572563176895306,8.563369565217391,8.553125,8.548724584103512
AMD,AMD,Information Technology,22.108714416896234,22.368916876574307,22.28436241610738,22.292442356959864,22.124398625429553
AEE,Ameren,Utilities,34.59933884297521,34.79064651553317,34.676895973154366,34.729205807002565,34.72816151202749
AAL,American Airlines Group,Industrials,24.269889840881273,24.358415178571427,24.39799331103679,24.379091940976163,24.443257142857142
AEP,American Electric Power,Utilities,37.50435261707989,37.71532325776658,37.57054530201342,37.64602903501281,37.62894329896907
AXP,American Express,Financials,61.4740404040404,61.89474391267842,61.63519295302013,61.743228010247655,61.7778264604811
AIG,American International Group,Financials,340.85286501377414,339.752510495382,341.4547567114094,341.78660119555934,342.45201890034366
AMT,American Tower,Real Estate,78.75330578512397,79.37248530646517,78.96603187919463,79.2807856532878,79.08614261168385
AWK,American Water Works,Utilities,66.7061406025825,67.15583006535948,66.85454188481675,67.10353333333333,67.04889784946236
AMP,Ameriprise Financial,Financials,96.20843711843713,97.3519397993311,96.7724832962138,96.81439411098528,96.88602052451539
ABC,AmerisourceBergen,Health Care,47.856694214876036,48.344794290512176,48.1185822147651,48.13938514090521,48.07199312714777
AME,Ametek,Industrials,40.16929292929293,40.53743073047859,40.31213926174497,40.38932536293766,40.329493127147764
AMGN,Amgen,Health Care,95.1215886134068,95.81057934508816,95.45195469798658,95.51428693424423,95.47146907216494
APH,Amphenol,Information Technology,21.634710743801655,21.825827036104116,21.72178691275168,21.76388556789069,21.73828178694158
ADI,Analog Devices,Information Technology,52.37475665748393,52.867044500419816,52.662407718120804,52.76368061485909,52.64317869415808
ANSS,Ansys,Information Technology,91.19786042240588,91.87360201511335,91.35109899328859,91.62276686592655,91.14573883161512
AON,Aon,Financials,82.7633608815427,83.51890008396305,83.07505033557048,83.24909479077712,83.18682130584193
APA,APA Corporation,Energy,47.912901744719925,48.01098236775819,48.07991610738255,48.03885567890692,48.03302405498282
AAPL,Apple Inc.,Information Technology,28.884279155188246,29.331796809403862,29.137256711409396,29.147549103330487,28.953316151202753
AMAT,Applied Materials,Information Technology,29.573002754820937,29.93244332493703,29.827911073825504,29.861699402220328,29.715231958762885
APTV,Aptiv,Consumer Discretionary,74.05106261859584,74.38639032815199,74.24637781629117,74.04732864674868,73.76756183745583
ACGL,Arch Capital Group,Financials,16.69586776859504,16.88041141897565,16.785419463087248,16.81130657557643,16.82458762886598
ANET,Arista Networks,Information Technology,56.10816176470588,56.730712694877504,56.61892617449664,56.70658314350797,56.59827981651376
AJG,Arthur J. Gallagher & Co.,Financials,42.67394857667585,43.15735516372796,42.92838087248322,42.96490179333903,42.98795532646049
AIZ,Assurant,Financials,63.40360178970917,63.78178389398573,63.48960285132383,63.564896480331264,63.6612434691745
T,AT&T,Communication Services,11.409017447199265,11.449135180520571,11.410067114093959,11.440819812126389,11.434209621993126
ATO,Atmos Energy,Utilities,40.692231404958676,40.98506297229219,40.76452181208054,40.887386848847136,40.86219072164948
ADSK,Autodesk,Information Technology,72.0915243342516,72.60500419815281,72.18657718120805,72.446780529462,72.11447594501718
AZO,AutoZone,Consumer Discretionary,498.60453627180897,505.7452225020991,502.14300335570465,502.62760034158845,502.28597079037803
AVB,AvalonBay Communities,Real Estate,93.0022038567493,93.52581863979849,93.28677852348993,93.42565328778822,93.37928694158076
AVY,Avery Dennison,Materials,60.44282828282829,61.053358522250214,60.80686241610738,60.879547395388556,60.803393470790375
BKR,Baker Hughes,Energy,25.96878787878788,26.05196473551637,26.081988255033558,26.110939368061487,26.094776632302406
BALL,Ball Corporation,Materials,26.327373737373737,26.483618807724604,26.360545302013424,26.40411614005124,26.2959793814433
BAC,Bank of America,Financials,21.582672176308538,21.656028547439128,21.651426174496645,21.672912040990607,21.67250859106529
BBWI,"Bath & Body Works, Inc.",Consumer Discretionary,20.61726354453627,20.75656591099916,20.716560402684564,20.664432109308283,20.645257731958765
BAX,Baxter International,Health Care,34.88697887970615,34.958094038623,34.88585570469799,34.98324508966695,34.90138316151203
BDX,Becton Dickinson,Health Care,103.26058769513315,103.88193115029388,103.44625,103.71742100768574,103.59265463917527
WRB,Berkley,Financials,18.431570247933884,18.647867338371118,18.559395973154363,18.581434671221178,18.591683848797253
BRK-B,Berkshire Hathaway,Financials,118.21505050505051,118.98188916876573,118.5738255033557,118.67152006831768,118.71276632302406
BBY,Best Buy,Consumer Discretionary,36.14354453627181,36.27577665827036,36.09255033557047,36.16140905209223,36.07932130584192
BIO,Bio-Rad,Health Care,167.75232323232322,168.79826196473553,168.22083053691276,168.88855678906918,168.2664089347079
TECH,Bio-Techne,Health Care,26.45382920110193,26.68673383711167,26.58684563758389,26.6432707087959,26.555266323024057
BIIB,Biogen,Health Care,157.32619834710744,157.99139378673382,157.59296979865772,157.53542271562767,157.62223367697595
BLK,BlackRock,Financials,231.75710743801653,234.02753148614607,233.06072986577183,233.3793680614859,232.69055841924398
BK,BNY Mellon,Financials,29.966216712580348,30.05445004198153,30.027458053691277,30.050922288642184,30.03617697594502
BA,Boeing,Industrials,108.81265381083563,109.21750629722922,108.66735738255034,109.22916310845432,109.33234536082475
BKNG,Booking Holdings,Consumer Discretionary,804.4318732782369,810.8165407220823,805.9890352348993,809.1758411614005,806.5331958762887
BWA,BorgWarner,Consumer Discretionary,25.62070707070707,25.70575986565911,25.635570469798658,25.66391118701964,25.62286941580756
BXP,Boston Properties,Real Estate,64.07824609733701,64.32542401343409,64.13989093959732,64.24898377455166,64.228058419244
BSX,Boston Scientific,Health Care,21.03415059687787,21.163316540722082,21.0996644295302,21.15063193851409,21.12481099656357
BMY,Bristol Myers Squibb,Health Care,31.645840220385676,31.86285474391268,31.768229865771815,31.806515798462854,31.775128865979383
AVGO,Broadcom Inc.,Information Technology,173.70403149606298,176.0225787965616,175.29426724137932,175.047944606414,174.86435294117646
BR,Broadridge Financial Solutions,Industrials,61.02376,61.60381707317073,61.276813186813186,61.4051364764268,61.374230287859824
BRO,Brown & Brown,Financials,17.716216712580348,17.87586901763224,17.799723154362418,17.838590947907772,17.8138058419244
BF-B,Brown–Forman,Consumer Staples,25.91214876033058,26.12743073047859,25.97525167785235,26.024918872758327,25.9769587628866
BG,Bunge Limited,Consumer Staples,50.80285714285714,51.09761045987376,51.11357657657658,51.080733944954126,51.05227859778598
CHRW,C.H. Robinson,Industrials,46.8960422405877,47.1587825356843,46.991828859060405,47.046319385140905,46.98930412371134
CDNS,Cadence Design Systems,Information Technology,35.11774104683196,35.530789252728795,35.38123322147651,35.45614005123826,35.35268041237113
CZR,Caesars Entertainment,Consumer Discretionary,39.453680203045685,39.772718894009216,39.615648148148146,39.860353773584905,39.72128266033254
CPT,Camden Property Trust,Real Estate,49.37865013774105,49.73711167086482,49.586308724832215,49.669547395388555,49.63969072164949
CPB,Campbell Soup Company,Consumer Staples,28.610606060606063,28.746406381192276,28.685268456375837,28.699000853970965,28.658101374570446
COF,Capital One,Financials,60.38200183654729,60.73625524769102,60.57765939597316,60.66736122971819,60.690171821305846
CAH,Cardinal Health,Health Care,39.01683195592287,39.191301427371954,39.12469798657718,39.104269854824935,39.08253436426117
KMX,CarMax,Consumer Discretionary,41.55219467401285,41.73136859781696,41.60174496644295,41.560990606319386,41.556280068728526
CCL,Carnival,Consumer Discretionary,30.204132231404962,30.263593618807725,30.256786912751675,30.30376601195559,30.32422680412371
CARR,Carrier Global,Industrials,38.9689552238806,39.11533333333333,39.10523489932886,38.83210884353741,39.26888111888112
CTLT,Catalent,Health Care,55.838699999999996,56.0090022675737,56.02116173120729,56.101157407407406,55.78668997668998
CAT,Caterpillar Inc.,Industrials,70.9226170798898,71.67053736356003,71.37288590604027,71.47023911187019,71.38026632302406
CBOE,Cboe Global Markets,Financials,73.05590909090908,73.25870030581041,72.9919018404908,73.0597352024922,73.22343260188089
CBRE,CBRE Group,Real Estate,33.852858769931665,34.07066458982347,33.92336099585062,34.040991561181436,34.00068085106383
CDW,CDW,Information Technology,85.80081677704193,86.63327309236948,86.49554655870446,86.6288295687885,86.43694214876034
CE,Celanese,Materials,58.639599528857474,58.99091299677766,58.68845493562232,58.87058951965066,58.782868131868135
CNC,Centene Corporation,Health Care,25.177331995987963,25.43359303391384,25.307380952380953,25.392488350419384,25.356491557223265
CNP,CenterPoint Energy,Utilities,13.758879706152433,13.817531486146096,13.776736577181207,13.81198121263877,13.834226804123713
CDAY,Ceridian,Information Technology,67.34768888888888,67.647004048583,67.62352459016394,67.07843621399176,66.84240663900415
CF,CF Industries,Materials,30.352831105710816,30.5960310421286,30.396777408637874,30.413795045045045,30.450725623582766
CRL,Charles River Laboratories,Health Care,83.60139643861294,84.34104631217839,84.0288089117395,84.31676265270505,83.93597721297108
SCHW,Charles Schwab Corporation,Financials,25.360725436179983,25.605994962216627,25.529270134228188,25.567754056362084,25.547396907216495
CHTR,Charter Communications,Communication Services,276.21737785016285,276.5409748892171,275.5864888888889,276.05206015037595,275.4270303030303
CVX,Chevron Corporation,Energy,60.83201101928375,61.31428211586901,61.083062080536905,61.15604611443211,61.2139175257732
CMG,Chipotle Mexican Grill,Consumer Discretionary,525.7288667496887,531.1972095671982,527.5820591581343,527.4984624277456,526.8586363636364
CB,Chubb Limited,Financials,73.32097337006428,73.94347607052896,73.69193791946309,73.76970111016226,73.83883161512027
CHD,Church & Dwight,Consumer Staples,29.44840220385675,29.64521410579345,29.496006711409393,29.574935952177626,29.486365979381443
CI,Cigna,Health Care,87.41276400367309,88.36650713685978,88.02427852348994,88.18870196413322,88.11828178694158
CINF,Cincinnati Financial,Financials,40.950798898071625,41.26094038623006,41.081694630872484,41.165824081981214,41.16667525773196
CTAS,Cintas,Industrials,97.6147015610652,98.84408060453401,98.18026006711409,98.35334756618275,98.31981958762887
CSCO,Cisco,Information Technology,23.755445362718092,23.844458438287155,23.792172818791947,23.83905209222886,23.794682130584192
C,Citigroup,Financials,139.10898071625343,138.95693534844668,139.42909395973155,139.57807856532878,139.78343642611685
CFG,Citizens Financial Group,Financials,29.576590330788804,29.809006928406465,29.705046296296295,29.74318396226415,29.816128266033253
CLX,Clorox,Consumer Staples,72.83229568411386,73.08565910999161,72.82799496644296,72.95123825789922,72.73692439862543
CME,CME Group,Financials,78.05526315789474,78.21937619961612,78.08152737752161,78.41260019550342,78.38163385826772
CMS,CMS Energy,Utilities,23.76245179063361,23.907254408060453,23.799421140939597,23.888334756618278,23.858015463917525
KO,Coca-Cola Company (The),Consumer Staples,26.833333333333332,26.97573467674223,26.898842281879194,26.922570452604614,26.915687285223367
CTSH,Cognizant,Information Technology,33.50279155188246,33.68465155331654,33.58762583892617,33.676447480785654,33.55042096219931
CL,Colgate-Palmolive,Consumer Staples,40.38485766758494,40.5608564231738,40.45595637583892,40.49555935098207,40.43556701030928
CMCSA,Comcast,Communication Services,19.14364554637282,19.256926952141058,19.176862416107383,19.234696840307432,19.208462199312716
CMA,Comerica,Financials,37.76754820936639,38.01240973971453,37.89746644295302,37.97476515798463,38.009218213058425
CAG,Conagra Brands,Consumer Staples,18.220927456382,18.323727959697734,18.252013422818795,18.275397096498722,18.25842783505155
COP,ConocoPhillips,Energy,36.16741046831956,36.41884130982368,36.30171140939597,36.348548249359524,36.44676975945017
ED,Consolidated Edison,Utilities,39.937300275482094,40.16413937867338,40.025159395973155,40.10058923996584,40.10742268041237
STZ,Constellation Brands,Consumer Staples,77.22642791551883,78.10807724601176,77.65165268456376,77.82445772843724,77.65937285223367
CEG,Constellation Energy,Utilities,70.0154347826087,70.0375925925926,69.59277777777777,69.40528301886792,70.21584905660377
COO,CooperCompanies,Health Care,130.41669421487603,131.27620486985725,130.65894295302013,131.09904355251922,130.87725085910654
CPRT,Copart,Industrials,14.654747474747476,14.841872376154491,14.729731543624162,14.78798462852263,14.74463058419244
GLW,Corning Inc.,Information Technology,18.637474747474748,18.694172963895884,18.693859060402687,18.74131511528608,18.740927835051544
CTVA,Corteva,Materials,40.358843930635835,40.92300518134715,40.98957894736842,40.92267379679144,40.90537634408602
CSGP,CoStar Group,Industrials,20.548383838383838,20.715978169605375,20.549010067114093,20.630777113578137,20.58
COST,Costco,Consumer Staples,122.35759412304868,123.60068010075567,122.88343959731543,123.1196242527754,122.72584192439862
CTRA,Coterra,Energy,12.214830119375575,12.276490344248531,12.236140939597314,12.244722459436378,12.260060137457046
CCI,Crown Castle,Real Estate,55.1932782369146,55.58363560033585,55.34793624161074,55.55544833475662,55.36122852233677
CSX,CSX,Industrials,9.56492194674013,9.63791771620487,9.58959731543624,9.618855678906918,9.603737113402062
CMI,Cummins,Industrials,78.82588613406796,79.50331654072208,79.14663590604026,79.24561058923997,79.1355412371134
CVS,CVS Health,Health Care,42.16835629017447,42.43819479429051,42.33146812080537,42.35131511528608,42.278522336769754
DHI,D.R. Horton,Consumer Discretionary,26.188135904499543,26.531704450041982,26.43672818791946,26.462288642186166,26.410962199312717
DHR,Danaher Corporation,Health Care,68.26614325068871,68.99642317380354,68.63962248322147,68.84521776259608,68.6818470790378
DRI,Darden Restaurants,Consumer Discretionary,44.64040404040404,45.00335852225021,44.75778523489933,44.92327924850555,44.93150343642611
DVA,DaVita Inc.,Health Care,45.7979797979798,46.04489504617968,45.95018456375839,46.00716481639624,45.80661512027491
DE,John Deere,Industrials,89.09464646464647,90.32575986565911,89.7860822147651,89.9300170794193,89.7545618556701
DAL,Delta Air Lines,Industrials,28.905913978494624,29.057923832923834,28.926777367773678,28.951725,29.03008816120907
XRAY,Dentsply Sirona,Health Care,35.17753902662993,35.26203190596138,35.23864932885906,35.25116140051238,35.215833333333336
DVN,Devon Energy,Energy,35.33281910009183,35.52722921914358,35.54057046979866,35.49605465414176,35.50992268041237
DXCM,Dexcom,Health Care,25.986050119331743,26.19677910772579,25.980141304347825,26.030220994475137,25.926284760845384
FANG,Diamondback Energy,Energy,73.2409670781893,74.3456015037594,74.00058380414312,74.13013409961685,74.14582692307692
DLR,Digital Realty,Real Estate,60.05897674418605,60.35281018027571,60.08810381355932,60.26964401294498,60.10704668838219
DFS,Discover Financial,Financials,47.490067658998655,48.00331683168317,47.769615861214376,47.78394206549118,47.9396192893401
DISH,Dish Network,Communication Services,32.204563820018365,32.18052896725441,32.14640939597315,32.16597779675491,32.18667525773196
DIS,Disney,Communication Services,61.37586776859505,61.599345088161215,61.336115771812075,61.489624252775414,61.28195017182131
DG,Dollar General,Consumer Staples,98.0650964630225,98.67976608187135,98.29428152492669,98.36423248882265,98.23816816816817
DLTR,Dollar Tree,Consumer Staples,48.029127640036734,48.42501259445844,48.15231543624161,48.1733561058924,48.15242268041237
D,Dominion Energy,Utilities,37.28947658402204,37.43445843828716,37.3109899328859,37.38711357813834,37.35518900343643
DPZ,Domino's,Consumer Discretionary,126.61656750572082,127.25715328467153,126.59228125,127.2821633085896,126.90020299145299
DOV,Dover Corporation,Industrials,47.460422405876955,47.89445843828715,47.626979865771816,47.70928266438941,47.64762886597938
DOW,Dow Inc.,Materials,47.646758241758235,48.057722772277224,47.95455,47.886142131979696,47.906701030927834
DTE,DTE Energy,Utilities,44.59613406795225,44.910142737195635,44.70811241610738,44.81824935952177,44.7980498281787
DUK,Duke Energy,Utilities,44.17214876033058,44.38356003358522,44.25700503355704,44.34461144321093,44.3120618556701
DD,DuPont,Materials,44.52934802571166,44.74218303946264,44.67828020134228,44.72852263023057,44.69099656357388
DXC,DXC Technology,Information Technology,24.01245179063361,24.134769101595296,24.10561241610738,24.187583262169085,24.202405498281784
EMN,Eastman Chemical Company,Materials,41.94176308539945,42.21536523929471,42.0685067114094,42.13801878736123,42.07202749140893
ETN,Eaton Corporation,Industrials,46.66317722681359,47.074273719563394,46.872835570469796,46.93713065755764,46.88737113402062
EBAY,eBay,Consumer Discretionary,21.367777777777775,21.49570109151973,21.429597315436244,21.44787361229718,21.403092783505155
ECL,Ecolab,Materials,78.37763085399449,78.7141141897565,78.40459731543623,78.57571306575576,78.40073024054982
EIX,Edison International,Utilities,33.57846648301194,33.69717884130982,33.61271812080537,33.6400170794193,33.637233676975946
EW,Edwards Lifesciences,Health Care,25.45379981464319,25.739966072943172,25.612533898305085,25.747342536669542,25.601727430555556
EA,Electronic Arts,Communication Services,57.52543617998163,57.88077246011755,57.76622483221476,57.967830913748934,57.77381443298969
ELV,Elevance Health,Health Care,129.61701894317048,131.12482695810564,130.49828025477706,130.99265306122447,130.79759328358207
LLY,Eli Lilly and Company,Health Care,69.04023875114785,69.94241813602015,69.72172818791947,69.82124679760888,69.73091924398625
EMR,Emerson Electric,Industrials,39.846225895316806,40.09970612930311,39.96508389261745,40.03510674637062,40.00649484536082
ENPH,Enphase,Information Technology,49.2076171875,50.894285714285715,50.91268817204301,50.28409090909091,50.05179159049361
ETR,Entergy,Utilities,51.598411386593206,51.78668345927792,51.6416610738255,51.68759180187873,51.69246563573883
EOG,EOG Resources,Energy,45.511689623507806,45.959462636439966,45.80343959731543,45.82533731853117,45.900154639175256
EPAM,EPAM Systems,Information Technology,160.19146718146717,162.5632098765432,161.9975441696113,161.8932258064516,161.3153429602888
EQT,EQT,Energy,22.419118457300275,22.508841309823676,22.493372483221474,22.482852263023055,22.487525773195877
EFX,Equifax,Industrials,69.89570247933884,70.5632241813602,70.2288255033557,70.35157130657558,70.1440206185567
EQIX,Equinix,Real Estate,218.0042169811321,219.9867327586207,219.02902586206898,219.76787532923615,219.27323633156968
EQR,Equity Residential,Real Estate,34.35818181818182,34.528623005877414,34.411988255033556,34.474935952177624,34.457963917525774
ESS,Essex Property Trust,Real Estate,121.17300275482093,121.78522250209909,121.36244966442953,121.58550811272417,121.506529209622
EL,Estée Lauder Companies (The),Consumer Staples,75.46515151515152,76.33920235096558,75.8353523489933,76.08639624252775,75.8635824742268
ETSY,Etsy,Consumer Discretionary,72.36633879781421,72.69794554455446,72.35149253731343,71.83394472361809,71.6865903307888
RE,Everest Re,Financials,116.92039485766759,117.79758186397986,117.2763422818792,117.42983774551665,117.51199312714776
EVRG,Evergy,Utilities,25.49665748393021,25.68138539042821,25.576057046979866,25.636285226302306,25.615274914089348
ES,Eversource,Utilities,32.92820936639119,33.11826196473552,32.97128355704698,33.06258753202391,33.00981099656357
EXC,Exelon,Utilities,20.327134986225897,20.41928631402183,20.391510067114094,20.41142613151153,20.392774914089348
EXPE,Expedia Group,Consumer Discretionary,76.1767191283293,76.36169060773481,76.19867549668874,76.25508417508418,76.13633898305085
EXPD,Expeditors International,Industrials,42.64141414141414,42.87909319899244,42.75979026845638,42.845004269854826,42.755137457044675
EXR,Extra Space Storage,Real Estate,51.07450574712644,51.588050314465406,51.27910994764398,51.41075692963753,51.31781954887218
XOM,ExxonMobil,Energy,46.44096418732782,46.72255247691016,46.63280201342282,46.62362083689155,46.70203608247422
FFIV,"F5, Inc.",Information Technology,82.42460055096419,82.93076406381192,82.66287751677852,82.8529120409906,82.6044587628866
FDS,FactSet,Financials,119.15798898071625,120.21994962216624,119.60998322147651,119.76630230572161,119.49591065292095
FICO,Fair Isaac,Information Technology,115.49258953168044,117.2634844668346,116.23524328859061,116.80110162254483,116.50475945017183
FAST,Fastenal,Industrials,16.341570247933884,16.472225020990763,16.39015100671141,16.42203245089667,16.379372852233676
FRT,Federal Realty,Real Estate,63.018898071625344,63.31563392107473,63.139203020134225,63.182374039282664,63.22361683848797
FDX,FedEx,Industrials,112.86735537190083,113.5366162888329,113.16595637583893,113.33165670367207,113.15052405498281
FITB,Fifth Third Bank,Financials,21.583039485766758,21.669840470193115,21.619605704697985,21.64526046114432,21.690704467353953
FRC,First Republic Bank,Financials,83.05590192644483,83.47708598726115,83.28996805111821,83.27804207119742,83.13487765089722
FSLR,First Solar,Information Technology,83.9313219895288,83.67072879330944,84.01884109916368,83.82596107055961,83.38953488372093
FE,FirstEnergy,Utilities,25.019788797061523,25.055037783375315,25.011820469798657,25.065516652433818,25.05856529209622
FIS,FIS,Financials,49.13060724779628,49.39463677130045,49.167974910394264,49.37852189781022,49.24865137614679
FISV,Fiserv,Financials,36.727401285583106,36.979286314021834,36.74924496644295,36.91805294619983,36.842027491408935
FLT,Fleetcor,Financials,162.79654385964912,162.9292503987241,162.2090575079872,162.28542949756888,162.2896405228758
FMC,FMC Corporation,Materials,39.06242424242424,39.39464315701091,39.19265100671141,39.3230315969257,39.26099656357388
F,Ford Motor Company,Consumer Discretionary,8.204077134986226,8.236028547439128,8.221484899328859,8.222971818958156,8.201812714776633
FTNT,Fortinet,Information Technology,15.571095008051529,15.765387994143484,15.663826979472141,15.701713859910582,15.682496240601505
FTV,Fortive,Industrials,60.478571428571435,60.47026392961877,60.40194690265486,60.386865671641786,60.45546546546546
FOXA,Fox Corporation (Class A),Communication Services,32.87256830601093,32.92872549019608,32.903930348258704,32.89893939393939,32.9745641025641
FOX,Fox Corporation (Class B),Communication Services,31.4675956284153,31.488522167487684,31.46398009950249,31.455151515151513,31.51830769230769
BEN,Franklin Templeton,Financials,21.953067033976126,21.989429051217463,21.9739177852349,21.97534585824082,21.98541237113402
FCX,Freeport-McMoRan,Materials,19.486106519742883,19.576272040302268,19.594127516778524,19.606276686592658,19.551701030927834
GRMN,Garmin,Consumer Discretionary,39.74435823754789,39.89227471566055,39.789921259842515,39.85059661620659,39.747153088630256
IT,Gartner,Information Technology,71.22366391184573,72.12496221662468,71.6385654362416,71.73331340734416,71.8610910652921
GEHC,GE HealthCare,Health Care,63.905,61.87285714285714,61.788333333333334,61.91571428571428,61.980000000000004
GEN,Gen Digital,Information Technology,9.5778145087236,9.648320738874895,9.638842281879194,9.638804440649018,9.604819587628866
GNRC,Generac,Industrials,85.75498360655737,86.20160953800298,85.9150971599402,85.8804696969697,85.48331297709923
GD,General Dynamics,Industrials,86.57382001836547,87.20883291351805,86.90439597315435,86.99593509820667,87.09170103092784
GE,General Electric,Industrials,108.64156106519744,108.69958018471873,108.90676174496645,108.97783091374893,108.86775773195876
GIS,General Mills,Consumer Staples,30.677667584940316,30.90136859781696,30.797558724832218,30.805508112724166,30.774699312714777
GM,General Motors,Consumer Discretionary,31.326480836236936,31.427638668779714,31.386550079491254,31.326032258064515,31.33068181818182
GPC,Genuine Parts Company,Consumer Discretionary,52.36382001836547,52.80636439966415,52.58788590604027,52.58491887275833,52.65898625429553
GILD,Gilead Sciences,Health Care,33.37206611570248,33.53959697732998,33.401124161073824,33.38539709649872,33.351176975945016
GL,Globe Life,Financials,42.554196510560146,42.892653232577665,42.69012583892617,42.76451750640478,42.80077319587629
GPN,Global Payments,Financials,54.52663784822287,54.92260984182777,54.68448154657294,54.9281305903399,54.694338433843384
GS,Goldman Sachs,Financials,145.71199265381082,146.63903442485307,146.47015939597316,146.56252775405636,146.2107731958763
HAL,Halliburton,Energy,25.958227731864095,26.120931989924433,26.105528523489934,26.156302305721603,26.122817869415808
HIG,Hartford (The),Financials,39.2968044077135,39.44388748950462,39.44038590604027,39.49594363791631,39.52751718213058
HAS,Hasbro,Consumer Discretionary,39.49779614325069,39.66820319059614,39.522416107382554,39.59230572160546,39.531701030927834
HCA,HCA Healthcare,Health Care,98.0895,98.87458536585366,98.57221859706361,98.57072727272727,98.50732113144758
PEAK,Healthpeak,Real Estate,17.27676767676768,17.320083963056256,17.285679530201342,17.28864218616567,17.291091065292097
HSIC,Henry Schein,Health Care,36.03963269054179,36.242485306465156,36.1264177852349,36.17509820666098,36.13357388316152
HSY,Hershey's,Consumer Staples,67.089072543618,67.7791435768262,67.42436241610739,67.53694278394534,67.55046391752578
HES,Hess Corporation,Energy,47.94819100091828,48.31256087321579,48.18447986577181,48.21167378309138,48.21430412371134
HPE,Hewlett Packard Enterprise,Information Technology,12.139795321637427,12.177910052910052,12.16002659574468,12.171940700808625,12.204196185286103
HLT,Hilton Worldwide,Consumer Discretionary,80.35074418604651,80.82856540084387,80.78125531914894,80.66578494623656,80.85513043478261
HOLX,Hologic,Health Care,26.95623507805326,27.141528127623847,27.1084144295302,27.16861656703672,27.082646048109968
HD,Home Depot (The),Consumer Discretionary,87.88139577594123,88.76607052896725,88.26787751677853,88.42077711357814,88.28146907216495
HON,Honeywell,Industrials,71.29371900826446,71.9123005877414,71.5489345637584,71.71374039282664,71.64798969072164
HRL,Hormel Foods,Consumer Staples,18.40089072543618,18.5187825356843,18.41470637583893,18.452348420153715,18.40774054982818
HST,Host Hotels & Resorts,Real Estate,11.514536271809,11.565104953820319,11.549261744966442,11.566584116140051,11.569888316151204
HWM,Howmet Aerospace,Industrials,25.755102739726027,26.046944444444442,25.973478260869562,25.92559748427673,26.023860759493672
HPQ,HP Inc.,Information Technology,13.233553719008265,13.302695214105794,13.276409395973154,13.287702818104185,13.255936426116838
HUM,Humana,Health Care,133.32270890725437,134.68889168765745,133.99125,134.5229803586678,134.26265463917525
HBAN,Huntington Bancshares,Financials,8.89623507805326,8.931746431570108,8.916963087248323,8.922237403928268,8.945584192439862
HII,Huntington Ingalls Industries,Industrials,137.3296594982079,137.8772638436482,137.4583823529412,137.6020895522388,137.80076794657762
IBM,IBM,Information Technology,87.18442607897153,87.43893366918556,87.33112416107382,87.46210930828352,87.31487113402062
IEX,IDEX Corporation,Industrials,65.86817263544536,66.46105793450882,66.02275167785234,66.18732707087959,66.13951890034363
IDXX,Idexx Laboratories,Health Care,109.77685950413223,110.91818639798488,110.23414429530202,110.76695132365501,110.26495704467354
ITW,Illinois Tool Works,Industrials,72.7278787878788,73.38300587741394,73.00550335570469,73.10725021349273,73.03048109965636
ILMN,Illumina,Health Care,118.54290018832391,118.9444234079174,118.39024096385542,118.94935144609991,118.11666373239437
INCY,Incyte,Health Care,41.69350780532599,41.8940470193115,41.75667785234899,41.88191289496157,41.7773883161512
IR,Ingersoll Rand,Industrials,37.217843866171,37.65577702702703,37.506802721088434,37.34347079037801,37.355896551724136
PODD,Insulet,Health Care,78.78634770889488,80.00848708487085,79.29754926108374,79.65131578947368,79.59041666666667
INTC,Intel,Information Technology,24.310606060606062,24.375230898404702,24.32626677852349,24.39391972672929,24.275386597938144
ICE,Intercontinental Exchange,Financials,48.42108641975309,48.558186936936934,48.28528089887641,48.49283752860411,48.422834101382485
IFF,International Flavors & Fragrances,Materials,62.16910927456382,62.465096557514684,62.32164429530201,62.414500426985484,62.35520618556701
IP,International Paper,Materials,25.1485766758494,25.276423173803526,25.214706375838926,25.239607173356106,25.256537800687287
IPG,Interpublic Group of Companies (The),Communication Services,14.280651974288338,14.37966414777498,14.359060402684564,14.372365499573016,14.368539518900343
INTU,Intuit,Information Technology,108.0174839302112,109.14129303106633,108.64962248322148,108.84958155422716,108.51901202749141
ISRG,Intuitive Surgical,Health Care,73.64264981273409,74.40631533847473,74.13339897260273,74.43673931996513,74.0084588441331
IVZ,Invesco,Financials,16.036547291092745,16.053702770780856,16.061325503355704,16.073757472245944,16.07966494845361
INVH,Invitation Homes,Real Estate,27.052056737588654,27.236709677419352,27.149773462783173,27.11607843137255,27.15102310231023
IQV,IQVIA,Health Care,121.15435729847495,122.00817821782178,122.05946107784432,122.08157894736843,122.01352342158859
IRM,Iron Mountain,Real Estate,16.518530762167128,16.647850545759866,16.61206375838926,16.630922288642186,16.631546391752575
JBHT,J.B. Hunt,Industrials,57.695886134067955,58.21551637279596,57.904354026845645,58.03763450042699,57.99051546391753
JKHY,Jack Henry & Associates,Financials,58.50159779614325,58.92141897565072,58.55505872483222,58.786327924850546,58.67006013745704
J,Jacobs Solutions,Industrials,50.5696694214876,50.81211586901763,50.741308724832216,50.8265926558497,50.718127147766324
JNJ,Johnson & Johnson,Health Care,70.64132231404957,71.1030562552477,70.88163590604027,70.98366353543979,70.88767182130584
JCI,Johnson Controls,Industrials,31.393094582185494,31.51659949622166,31.508422818791946,31.567130657557644,31.60215635738832
JPM,JPMorgan Chase,Financials,50.87324150596878,51.267548278757346,51.05308724832215,51.19222886421861,51.09780927835052
JNPR,Juniper Networks,Information Technology,24.540266299357206,24.683551637279596,24.71834731543624,24.780888129803586,24.779733676975944
K,Kellogg's,Consumer Staples,39.05503213957759,39.21528967254408,39.102894295302015,39.147523484201535,39.11659793814433
KDP,Keurig Dr Pepper,Consumer Staples,14.501726618705037,14.584390563564874,14.536522309711286,14.580307486631016,14.573018867924528
KEY,KeyCorp,Financials,12.968971533516987,13.034290512174643,13.017055369127517,13.033637916310845,13.0543470790378
KEYS,Keysight,Information Technology,83.0014358974359,83.73720930232558,83.43691588785046,83.601,83.46717026378896
KMB,Kimberly-Clark,Consumer Staples,64.31385674931128,64.62544920235096,64.41017617449664,64.4831853116994,64.41677835051547
KIM,Kimco Realty,Real Estate,12.990881542699725,13.05167086481948,13.046912751677853,13.050153714773698,13.056125429553264
KMI,Kinder Morgan,Energy,17.483587921847246,17.48739903069467,17.469529983792548,17.431825657894734,17.50687603305785
KLAC,KLA Corporation,Information Technology,74.00323232323233,75.22939546599497,74.74342281879196,74.83796754910333,74.5657560137457
KHC,Kraft Heinz,Consumer Staples,43.8875,44.066895674300255,44.15462915601023,44.089663212435234,44.136858638743455
KR,Kroger,Consumer Staples,17.227539026629938,17.360419815281276,17.290067114093958,17.300956447480782,17.259974226804125
LHX,L3Harris,Industrials,69.29727272727273,69.95669185558354,69.60237416107383,69.78426131511529,69.70392611683849
LH,LabCorp,Health Care,101.6933608815427,102.4414777497901,102.12685402684565,102.28346712211786,102.18072164948454
LRCX,Lam Research,Information Technology,109.47089072543618,111.1482535684299,110.50505033557046,110.72914602903501,109.9906615120275
LW,Lamb Weston,Consumer Staples,63.41326460481099,63.542453416149066,63.268437500000005,63.29933753943217,63.52292063492064
LVS,Las Vegas Sands,Consumer Discretionary,41.58730363423212,41.57961538461538,41.5333368869936,41.6925704989154,41.71659737417943
LDOS,Leidos,Industrials,44.13588541666667,44.451698337292164,44.200047505938244,44.31347037484885,44.31129110840438
LEN,Lennar,Consumer Discretionary,37.32036730945821,37.684517212426535,37.6397399328859,37.65405636208369,37.604853951890036
LNC,Lincoln Financial,Financials,36.089292929292924,36.194634760705284,36.17980704697987,36.194116140051236,36.222182130584194
LIN,Linde plc,Materials,96.70147842056933,97.5511838790932,97.13619127516779,97.2427241673783,97.12506872852234
LYV,Live Nation Entertainment,Communication Services,33.23609937888199,33.52762174405436,33.265988700564975,33.36816091954023,33.37513325608343
LKQ,LKQ Corporation,Consumer Discretionary,21.145993413830954,21.2995995995996,21.18994,21.258897959183674,21.27603696098563
LMT,Lockheed Martin,Industrials,135.4269696969697,136.74634760705288,135.94843120805368,136.2366438941076,136.21420103092782
L,Loews Corporation,Financials,34.767382920110194,34.90955499580185,34.84717281879195,34.90050384286934,34.907474226804126
LOW,Lowe's,Consumer Discretionary,53.88164370982553,54.44998320738875,54.193380872483225,54.22596071733561,54.13530927835052
LYB,LyondellBasell,Materials,57.30686666666667,57.551848484848485,57.33881638846737,57.375593220338985,57.314651162790696
MTB,M&T Bank,Financials,83.53539944903582,83.97246011754828,83.71393456375839,83.85194705380017,83.97129725085911
MRO,Marathon Oil,Energy,15.463048668503212,15.513089840470194,15.507894295302012,15.524901793339026,15.566460481099657
MPC,Marathon Petroleum,Energy,42.88761904761905,43.405316666666664,43.188478260869566,43.185314091680816,43.299540034071555
MKTX,MarketAxess,Financials,128.96719441210712,129.45422505307857,128.30761399787912,129.07170626349892,128.3634891304348
MAR,Marriott International,Consumer Discretionary,55.991487603305785,56.48883291351805,56.20892617449664,56.34400512382579,56.329398625429555
MMC,Marsh McLennan,Financials,49.61430670339762,50.05332493702771,49.813104026845636,49.918223740392826,49.89981958762886
MLM,Martin Marietta Materials,Materials,123.34213039485766,124.35841309823677,124.00606543624161,124.29468830059777,124.07810996563575
MAS,Masco,Industrials,22.52376492194674,22.67962216624685,22.610008389261747,22.66088812980359,22.60750859106529
MA,Mastercard,Financials,122.07016518424396,123.38372822299651,122.50120649651971,122.85573113207548,122.57002375296913
MTCH,Match Group,Communication Services,26.221634527089073,26.38062132661629,26.218355704697984,26.34785653287788,26.111512027491408
MKC,McCormick & Company,Consumer Staples,31.871202938475665,32.05485306465155,31.897583892617448,31.96883859948762,31.900206185567008
MCD,McDonald's,Consumer Discretionary,81.40100091827365,82.1102350965575,81.73140939597315,81.89128095644749,81.84757731958763
MCK,McKesson,Health Care,99.70144168962351,100.77875734676742,100.4122567114094,100.38239965841161,100.34904639175257
MDT,Medtronic,Health Care,51.74503213957759,51.950646515533165,51.80978187919463,51.93351836037575,51.853376288659796
MRK,Merck & Co.,Health Care,37.62626262626262,37.812745591939546,37.70664429530201,37.76960717335611,37.77986254295533
META,Meta Platforms,Communication Services,147.48534653465347,148.4366184448463,148.2313067150635,148.24187845303868,147.1183548983364
MET,MetLife,Financials,30.633834726090992,30.832829226847917,30.757718405428328,30.783860103626942,30.802667245873156
MTD,Mettler Toledo,Health Care,334.48318640955006,338.69158690176323,336.8040687919463,337.53830059777965,337.0391065292096
MGM,MGM Resorts,Consumer Discretionary,24.985316804407713,25.067875734676743,25.102508389261743,25.16470538001708,25.16460481099656
MCHP,Microchip Technology,Information Technology,22.37678604224059,22.604634760705288,22.475461409395972,22.527036720751493,22.46843642611684
MU,Micron Technology,Information Technology,26.463314967860423,26.604718723761547,26.542273489932885,26.61883005977797,26.465927835051545
MSFT,Microsoft,Information Technology,62.30743801652893,62.950117548278754,62.64322986577181,62.75472245943638,62.511606529209615
MAA,Mid-America Apartment Communities,Real Estate,55.363471074380165,55.899966414777495,55.664756711409396,55.75789069171648,55.68210481099656
MRNA,Moderna,Health Care,119.8505641025641,121.63120930232557,121.15210280373832,120.48203791469194,120.80425837320574
MHK,Mohawk Industries,Consumer Discretionary,104.90944903581267,105.47124265323258,105.25354026845638,105.35912894961571,105.32343642611683
MOH,Molina Healthcare,Health Care,74.77689057421452,75.65995059288537,75.16690335305721,75.38616700201207,75.29534954407295
TAP,Molson Coors Beverage Company,Consumer Staples,39.85034894398531,40.011494542401344,39.94287751677852,39.91204099060632,39.91535223367698
MDLZ,Mondelez International,Consumer Staples,27.59198630136986,27.808503584229392,27.694503133393017,27.74597994530538,27.709871677360223
MPWR,Monolithic Power Systems,Information Technology,95.40868144690782,96.88951063829788,96.17743889479277,96.41977272727273,95.95739651416122
MNST,Monster Beverage,Consumer Staples,13.693673094582186,13.8707892527288,13.779479865771812,13.79725875320239,13.795953608247423
MCO,Moody's Corporation,Financials,89.30541781450873,90.18507976490343,89.68072986577181,89.99450896669514,89.67632302405498
MS,Morgan Stanley,Financials,35.5322681359045,35.77558354324098,35.73615771812081,35.80845431255337,35.74487113402062
MOS,Mosaic Company (The),Materials,29.917134986225893,29.95968094038623,30.016350671140938,30.00360375747225,29.918084192439864
MSI,Motorola Solutions,Information Technology,75.44973370064278,76.07990764063811,75.77445469798657,75.90968403074297,75.97292096219931
MSCI,MSCI,Financials,141.99512534818942,143.96647582697202,142.90082697201018,143.37630829015544,142.96925587467362
NDAQ,"Nasdaq, Inc.",Financials,17.250606995884773,17.39468544600939,17.330451127819547,17.37657088122605,17.3666859344894
NTAP,NetApp,Information Technology,34.24852157943067,34.47199832073888,34.39875,34.50238257899232,34.49672680412371
NFLX,Netflix,Communication Services,120.86305327868853,121.37514018691589,120.55348924228251,121.26296190476191,119.96269157088123
NWL,Newell Brands,Consumer Discretionary,17.362681359044995,17.394659949622167,17.389404362416105,17.39053800170794,17.372405498281786
NEM,Newmont,Materials,32.38994490358127,32.589496221662465,32.60183724832215,32.602707087959004,32.5323883161512
NWSA,News Corp (Class A),Communication Services,14.81273127753304,14.859799599198396,14.842540322580644,14.837233606557376,14.835731958762887
NWS,News Corp (Class B),Communication Services,14.873876651982378,14.923026052104209,14.904657258064516,14.897049180327869,14.89921649484536
NEE,NextEra Energy,Utilities,22.22270890725436,22.442199832073886,22.303859060402687,22.35847993168232,22.30660652920962
NKE,"Nike, Inc.",Consumer Discretionary,38.391120293847564,38.72579345088161,38.5182466442953,38.59836037574723,38.45386597938145
NI,NiSource,Utilities,10.8278145087236,10.904097397145257,10.858137583892617,10.894645602049529,10.886735395189003
NDSN,Nordson Corporation,Industrials,67.6555463728191,68.36036943744752,67.99793624161073,68.13368061485909,67.992706185567
NSC,Norfolk Southern Railway,Industrials,78.5755280073462,79.21754827875735,78.82585570469799,78.97644748078565,78.96530927835052
NTRS,Northern Trust,Financials,53.438769513314966,53.690663308144416,53.57996644295302,53.64338172502135,53.59378006872853
NOC,Northrop Grumman,Industrials,128.2522681359045,129.78706968933668,129.0477600671141,129.32963279248506,129.33617697594502
NCLH,Norwegian Cruise Line Holdings,Consumer Discretionary,38.77625792811839,38.61278310940499,38.6263249516441,38.622986247544205,38.718577075098814
NRG,NRG Energy,Utilities,23.028226164079822,22.943683148335015,22.90585685483871,22.96781089414183,23.015238095238097
NUE,Nucor,Materials,36.97635445362718,37.38856423173804,37.237583892617444,37.27074295473954,37.26751718213058
NVDA,Nvidia,Information Technology,29.906005509641872,30.473711167086485,30.25248322147651,30.265653287788215,30.07803264604811
NVR,"NVR, Inc.",Consumer Discretionary,1468.3271258034895,1485.7254575986567,1477.821644295302,1481.3563279248506,1478.0980326460483
NXPI,NXP Semiconductors,Information Technology,87.08459183673469,87.95095975232198,87.67144409937889,87.63354889589905,87.18522979397781
ORLY,O'Reilly Auto Parts,Consumer Discretionary,166.850927456382,169.12798488664987,167.94334731543626,168.23358667805294,167.9366494845361
OXY,Occidental Petroleum,Energy,39.36879706152434,39.551813602015116,39.483976510067116,39.522220324508964,39.62361683848797
ODFL,Old Dominion,Industrials,54.33421487603306,55.22142737195634,54.695100671140935,54.825055508112726,54.73193298969072
OMC,Omnicom Group,Communication Services,41.65910927456382,41.839244332493706,41.71094798657718,41.772356959863366,41.77147766323024
ON,ON Semiconductor,Information Technology,13.667595526561044,13.887810902896083,13.814025531914893,13.82179376083189,13.805618466898956
OKE,ONEOK,Energy,21.009100091827364,21.224366078925275,21.08544463087248,21.16590093936806,21.240257731958764
ORCL,Oracle Corporation,Information Technology,30.533415977961432,30.70172963895886,30.604513422818794,30.65116994022203,30.60585910652921
OGN,Organon & Co.,Health Care,30.140641025641024,30.346888888888888,30.377865168539326,30.564022988505748,30.41693181818182
OTIS,Otis Worldwide,Industrials,70.2129104477612,70.56793333333334,70.52046979865771,70.33455782312926,70.79783216783217
PCAR,Paccar,Industrials,24.003691460055098,24.181301427371956,24.10633389261745,24.11456874466268,24.07327319587629
PKG,Packaging Corporation of America,Materials,44.015662983425415,44.46425442291491,44.21933501683502,44.327369323050554,44.26211024978467
PARA,Paramount Global,Communication Services,31.25920792079208,31.25492099322799,31.159312288613304,31.249931192660547,31.3008323699422
PH,Parker Hannifin,Industrials,92.72030303030303,93.67816120906801,93.19554530201341,93.302877882152,93.2106529209622
PAYX,Paychex,Industrials,38.431221303948575,38.74371116708648,38.59746644295302,38.625721605465415,38.60548969072165
PAYC,Paycom,Information Technology,177.058961352657,177.3639168490153,176.74934065934065,177.27246085011186,177.23848416289593
PYPL,PayPal,Financials,108.2689606741573,108.21386768447837,108.13396419437339,108.26487046632124,107.46712041884817
PNR,Pentair,Industrials,26.48212121212121,26.583064651553318,26.5055033557047,26.533023057216052,26.510807560137458
PEP,PepsiCo,Consumer Staples,65.67912764003674,66.09173803526448,65.89422818791947,65.94380017079419,65.88385738831614
PKI,PerkinElmer,Health Care,47.247024793388434,47.601435768261965,47.490218120805366,47.62346712211785,47.507310996563575
PFE,Pfizer,Health Care,20.654747474747474,20.742267002518894,20.707122483221475,20.72535439795047,20.739905498281786
PCG,PG&E Corporation,Utilities,27.839990817263544,27.859336691855585,27.910050335570467,27.868070025619126,27.867027491408937
PM,Philip Morris International,Consumer Staples,57.38396870554765,57.69591439688716,57.610715214564365,57.780185430463575,57.87530748663102
PSX,Phillips 66,Energy,65.55578431372548,66.12055555555555,65.86395683453237,65.74812386156648,65.89642857142857
PNW,Pinnacle West,Utilities,37.97078053259872,38.12132661628883,37.99162751677852,38.076994022203245,38.091623711340205
PXD,Pioneer Natural Resources,Energy,78.93787878787879,79.76918555835432,79.43580536912751,79.60539709649872,79.6555326460481
PNC,PNC Financial Services,Financials,67.44767676767677,67.95941225860622,67.70572147651006,67.82339880444064,67.82463917525773
POOL,Pool Corporation,Consumer Discretionary,87.88207529843893,88.8851301427372,88.37056208053691,88.57428693424424,88.23182130584192
PPG,PPG Industries,Materials,58.24921946740129,58.55462636439966,58.338028523489925,58.40234842015371,58.360300687285225
PPL,PPL Corporation,Utilities,17.56003673094582,17.598152812762386,17.565192953020134,17.588223740392827,17.58115120274914
PFG,Principal Financial Group,Financials,33.18957171314741,33.39122838944495,33.33637272727273,33.36339202965709,33.43122087604846
PG,Procter & Gamble,Consumer Staples,59.0468044077135,59.38900083963056,59.204563758389256,59.21887275832622,59.190498281786944
PGR,Progressive Corporation,Financials,29.585353535353537,29.9535516372796,29.78114932885906,29.85109308283518,29.811537800687283
PLD,Prologis,Real Estate,39.67172635445363,39.99166246851385,39.83714765100671,39.923373185311696,39.82996563573883
PRU,Prudential Financial,Financials,51.825596790371115,52.146021998166816,52.05467032967033,52.07260018639329,52.13904315196998
PEG,Public Service Enterprise Group,Utilities,27.044315886134065,27.163308144416458,27.07286912751678,27.14132365499573,27.10298969072165
PTC,PTC,Information Technology,40.05526170798898,40.43235936188078,40.26520973154362,40.43438941076003,40.3335824742268
PSA,Public Storage,Real Estate,104.42321395775942,105.32895885810242,104.89974832214764,105.04046968403074,104.79865120274914
PHM,PulteGroup,Consumer Discretionary,20.216988062442606,20.443551637279597,20.39645134228188,20.405029888983776,20.39528350515464
QRVO,Qorvo,Information Technology,92.52337730870713,92.69427207637231,92.46515587529976,92.44752427184466,92.04796068796068
PWR,Quanta Services,Industrials,31.91465564738292,32.27502099076407,32.145419463087244,32.25806148590948,32.202981099656355
QCOM,Qualcomm,Information Technology,47.96980716253444,48.40542401343409,48.22645134228188,48.2366951323655,48.04252577319588
DGX,Quest Diagnostics,Health Care,58.121147842056935,58.508572628043666,58.35628355704698,58.424047822374035,58.37786941580756
RL,Ralph Lauren Corporation,Consumer Discretionary,74.77803489439853,74.9455583543241,74.69810402684564,74.78416737830914,74.86703608247423
RJF,Raymond James,Financials,29.46188246097337,29.804962216624684,29.66433724832215,29.697412467976086,29.715214776632305
RTX,Raytheon Technologies,Industrials,42.62364554637282,42.88942065491184,42.72260067114094,42.81385140905209,42.8195704467354
O,Realty Income,Real Estate,26.24014692378329,26.439806884970615,26.320394295302012,26.365533731853116,26.360240549828177
REG,Regency Centers,Real Estate,34.774499540863175,34.9726952141058,34.913976510067116,34.920179333902645,34.936967353951886
REGN,Regeneron,Health Care,206.88692378328741,208.2306884970613,207.41453020134227,207.52420153714775,207.05668384879726
RF,Regions Financial Corporation,Financials,12.293452708907255,12.353971452560874,12.338875838926175,12.349009393680616,12.378908934707903
RSG,Republic Services,Industrials,37.97085399449036,38.29994122586062,38.125176174496644,38.2067463706234,38.20232817869416
RMD,ResMed,Health Care,57.93896235078053,58.551712846347606,58.24185402684563,58.3537489325363,58.09975085910653
RHI,Robert Half,Industrials,34.84550045913682,35.04026868178001,34.94067953020134,34.97854824935952,34.9535910652921
ROK,Rockwell Automation,Industrials,87.2340220385675,88.0167422334173,87.5585822147651,87.73917164816397,87.60280927835052
ROL,"Rollins, Inc.",Industrials,10.164113865932046,10.255827036104115,10.199161073825502,10.225900939368062,10.204140893470791
ROP,Roper Technologies,Information Technology,140.07027548209365,141.1425020990764,140.40628355704698,140.86146883005978,140.58843642611683
ROST,Ross Stores,Consumer Discretionary,35.803829201101934,36.130285474391265,35.869572147651006,36.000392826643896,35.92435567010309
RCL,Royal Caribbean Group,Consumer Discretionary,46.95754820936639,47.15978169605374,47.00915268456376,47.11222032450897,47.143032646048106
SPGI,S&P Global,Financials,100.76483930211204,101.72813602015114,101.10645134228187,101.5428949615713,101.20732817869415
CRM,Salesforce,Information Technology,75.7560502283105,75.92972944849116,75.40552440290759,75.75283298097251,75.57235356762513
SBAC,SBA Communications,Real Estate,92.33268135904498,93.1372040302267,92.60904362416107,92.90774551665244,92.60014604810998
SLB,Schlumberger,Energy,43.136464646464646,43.23267842149455,43.25106543624161,43.27923142613152,43.263049828178694
STX,Seagate Technology,Information Technology,26.567017913593254,26.666455331412102,26.541200768491834,26.587204301075268,26.555310344827586
SEE,Sealed Air,Materials,27.03945821854913,27.227430730478588,27.158364093959733,27.17812126387703,27.140558419243987
SRE,Sempra Energy,Utilities,58.3494031221304,58.66044500419815,58.38122483221476,58.5105465414176,58.49201030927835
NOW,ServiceNow,Information Technology,214.61104,217.26952468007312,216.67477064220182,217.07778398510243,215.15371962616823
SHW,Sherwin-Williams,Materials,70.04224977043158,70.82300587741393,70.38127516778523,70.46599487617421,70.36884879725086
SPG,Simon Property Group,Real Estate,70.70323232323233,71.05915197313182,70.81952181208054,70.90909479077712,70.96943298969072
SWKS,Skyworks Solutions,Information Technology,45.10287419651056,45.40542401343409,45.182877516778525,45.363714773697694,45.030223367697594
SJM,J.M. Smucker Company (The),Consumer Staples,61.86884297520661,62.29166246851385,62.05286073825503,62.0731169940222,62.02317869415807
SNA,Snap-on,Industrials,78.04805325987144,78.77424853064652,78.40489932885906,78.50665243381725,78.44308419243987
SEDG,SolarEdge,Information Technology,118.05420054200542,120.09253071253072,119.83938271604937,118.61758104738155,118.3826075949367
SO,Southern Company,Utilities,27.661010101010103,27.843534844668348,27.738867449664433,27.78422715627669,27.755567010309278
LUV,Southwest Airlines,Industrials,24.890918273645546,25.00255247691016,24.922751677852347,24.95795900939368,24.966494845360824
SWK,Stanley Black & Decker,Industrials,67.939072543618,68.24638119227541,68.02353187919464,68.16864218616567,68.00992268041237
SBUX,Starbucks,Consumer Discretionary,31.850312213039484,32.139580184718724,31.972667785234897,32.047959009393686,31.985738831615123
STT,State Street Corporation,Financials,48.89335169880624,49.07755667506297,49.012122483221475,49.067566182749786,49.06018900343643
STLD,Steel Dynamics,Materials,18.963535353535356,19.273215785054578,19.156023489932885,19.19538001707942,19.193298969072163
STE,Steris,Health Care,58.83102846648301,59.402972292191436,58.97965604026846,59.14462852263023,58.97807560137457
SYK,Stryker Corporation,Health Care,85.79174471992654,86.50264483627204,86.13864093959731,86.39795900939367,86.21153780068728
SYF,Synchrony Financial,Financials,29.776,29.94124716553288,29.916742596810934,29.853541666666665,29.895314685314684
SNPS,Synopsys,Information Technology,68.42433425160698,69.44590260285474,69.06472315436241,69.24556789069172,68.97566151202749
SYY,Sysco,Consumer Staples,32.94456382001837,33.17874055415617,33.021753355704696,33.10187019641332,33.12080756013746
TMUS,T-Mobile US,Communication Services,53.17335120643432,53.71507352941177,53.50887116564417,53.66307980049876,53.54876884422111
TROW,T. Rowe Price,Financials,53.05340679522498,53.38712006717044,53.18101510067114,53.23945345858241,53.13185567010309
TTWO,Take-Two Interactive,Communication Services,46.3711753902663,46.698379513014274,46.45609060402685,46.67395388556789,46.50660652920963
TPR,"Tapestry, Inc.",Consumer Discretionary,26.396429249762583,26.535425347222223,26.518914930555557,26.59822281167109,26.559635879218472
TRGP,Targa Resources,Energy,39.6169527145359,39.776327503974564,39.65888357256778,39.58781553398058,39.826427406199016
TGT,Target Corporation,Consumer Staples,59.63632690541781,60.04151973131822,59.74879194630872,59.81079419299744,59.63723367697595
TEL,TE Connectivity,Information Technology,58.98036535859269,59.47118811881188,59.27649318463445,59.32925692695214,59.32535532994923
TDY,Teledyne Technologies,Information Technology,113.98264462809918,115.09002518891688,114.36761744966444,114.65536293766012,114.40582474226805
TFX,Teleflex,Health Care,121.72180899908172,122.4400335852225,121.80620805369128,122.2566438941076,121.88544673539519
TER,Teradyne,Information Technology,32.37632690541781,32.63047019311503,32.49991610738255,32.57549103330487,32.366606529209626
TSLA,"Tesla, Inc.",Consumer Discretionary,59.200270270270266,59.758144171779136,59.731353846153844,59.286609375,58.411808176100635
TXN,Texas Instruments,Information Technology,51.26184573002755,51.75456759026029,51.476216442953024,51.631238257899234,51.49046391752577
TXT,Textron,Industrials,35.907272727272726,36.03911838790932,36.01446308724832,36.08245943637916,36.077027491408934
TMO,Thermo Fisher Scientific,Health Care,133.86157943067036,135.29334172963897,134.57468120805368,135.0019385140905,134.63841924398625
TJX,TJX Companies,Consumer Discretionary,22.438999081726354,22.6587825356843,22.527474832214764,22.583766011955593,22.539613402061857
TSCO,Tractor Supply,Consumer Discretionary,50.089568411386594,50.725801847187235,50.36085570469798,50.44516652433817,50.36190721649485
TT,Trane Technologies,Industrials,43.88007346189165,44.31990764063812,44.08068791946309,44.164192997438086,44.105412371134015
TDG,TransDigm Group,Industrials,200.3646675031368,203.39838117106774,201.26815578465065,202.13421911421912,202.15351351351353
TRV,Travelers Companies (The),Financials,65.89986225895316,66.39403862300588,66.14234060402684,66.2195900939368,66.24682130584193
TRMB,Trimble Inc.,Information Technology,24.319944903581266,24.479219143576827,24.38919463087248,24.451238257899234,24.384080756013745
TFC,Truist,Financials,26.95581267217631,27.091183879093197,27.006325503355704,27.040836891545688,27.066486254295533
TYL,Tyler Technologies,Information Technology,106.61999081726354,107.52759026028548,106.7814345637584,107.16279248505552,106.57269759450172
TSN,Tyson Foods,Consumer Staples,30.587741046831958,30.872166246851386,30.653380872483222,30.785525192143467,30.742568728522336
USB,U.S. Bank,Financials,26.796189164370983,26.90821998320739,26.82804530201342,26.86394534585824,26.891451890034364
UDR,"UDR, Inc.",Real Estate,19.99967860422406,20.124349286314022,20.053104026845638,20.087634500426983,20.07073883161512
ULTA,Ulta Beauty,Consumer Discretionary,169.2258529819695,171.22747782002537,170.40269961977188,170.89611612903224,171.28097529258778
UNP,Union Pacific Corporation,Industrials,67.21326905417814,67.80594458438287,67.41823825503356,67.5699316823228,67.56490549828179
UAL,United Airlines Holdings,Industrials,42.12544887780549,42.21108323831243,42.11480637813212,42.167149478563154,42.400140186915884
UPS,United Parcel Service,Industrials,70.95997245179063,71.4997061293031,71.2020889261745,71.26096498719043,71.2237972508591
URI,United Rentals,Industrials,77.65895316804408,78.80403022670026,78.15531040268456,78.30131511528607,78.22514604810998
UNH,UnitedHealth Group,Health Care,111.44310376492194,113.020067170445,112.40432046979866,112.76148590947909,112.58682130584192
UHS,Universal Health Services,Health Care,64.05023875114784,64.39493702770781,64.05352348993289,64.22607173356106,64.18469072164947
VLO,Valero Energy,Energy,34.14573921028467,34.55582703610411,34.360486577181206,34.457446626814686,34.506245704467354
VTR,Ventas,Real Estate,31.371891643709823,31.466683459277917,31.407877516778527,31.42706233988044,31.471855670103093
VRSN,Verisign,Information Technology,75.11328741965106,75.39204869857264,75.07064597315437,75.58456874466268,75.40014604810997
VRSK,Verisk,Industrials,95.29872408293461,95.66027576197386,95.21030523255814,95.32183161004431,95.24779433681073
VZ,Verizon,Communication Services,27.082130394857668,27.131679261125107,27.040125838926176,27.114935952177625,27.088135738831614
VRTX,Vertex Pharmaceuticals,Health Care,86.65027548209366,87.38219143576826,86.86550335570469,87.0900512382579,87.02957903780069
VFC,VF Corporation,Consumer Discretionary,29.92819100091827,29.975507976490345,29.8017533557047,29.8899316823228,29.825420962199313
VTRS,Viatris,Health Care,22.163269054178144,22.193308144416456,22.17680369127517,22.159282664389412,22.140558419243987
VICI,Vici Properties,Real Estate,21.944476987447697,22.19556818181818,22.172298850574713,22.08015444015444,22.169765625
V,Visa Inc.,Financials,90.1859829059829,90.85372727272727,90.40816644993498,90.82388079470199,90.86395721925135
VMC,Vulcan Materials Company,Materials,73.59377410468319,74.09317380352645,73.94968959731544,74.07888983774552,73.99562714776633
WAB,Wabtec,Industrials,41.99011019283747,42.24077246011755,42.0530788590604,42.09927412467976,42.12395189003436
WBA,Walgreens Boots Alliance,Consumer Staples,36.525904499540864,36.599773299748115,36.54260906040268,36.5567976088813,36.52970790378007
WMT,Walmart,Consumer Staples,60.800091827364554,61.11426532325776,60.850906040268455,60.88364645602049,60.80868556701031
WBD,Warner Bros. Discovery,Communication Services,23.183393719806762,23.09896361631753,23.018612334801762,23.094652466367712,23.07359639233371
WM,Waste Management,Industrials,46.72188246097337,47.14962216624685,46.90076342281879,46.98811272416738,46.99618556701031
WAT,Waters Corporation,Health Care,113.68233241505969,114.63900083963055,114.32121644295303,114.64775405636207,114.50538659793814
WEC,WEC Energy Group,Utilities,33.66728191000918,33.91484466834593,33.73304530201342,33.82631084543126,33.78316151202749
WFC,Wells Fargo,Financials,27.92020202020202,28.026213266162888,27.958607382550337,27.97935098206661,28.01898625429553
WELL,Welltower,Real Estate,34.56820936639118,34.76806045340051,34.638162751677854,34.65371477369769,34.695893470790374
WST,West Pharmaceutical Services,Health Care,69.36335169880624,70.16493702770781,69.79437080536913,70.0659436379163,69.61189003436427
WDC,Western Digital,Information Technology,34.35876951331497,34.512804366078925,34.42979865771812,34.4698975234842,34.3379295532646
WRK,WestRock,Materials,40.369019607843136,40.51137055837563,40.48964376590331,40.471288659793814,40.58279373368146
WY,Weyerhaeuser,Real Estate,17.52698806244261,17.59369437447523,17.562776845637586,17.594338172502137,17.578582474226806
WHR,Whirlpool Corporation,Consumer Discretionary,85.46088154269972,85.92554156171285,85.71744966442952,85.70748078565329,85.5695790378007
WMB,Williams Companies,Energy,15.10613406795225,15.170050377833752,15.153666107382548,15.160580700256192,15.169570446735396
WTW,Willis Towers Watson,Financials,102.58176125244619,103.33022381378693,102.9476902417189,103.17767547857794,103.06012832263978
GWW,W. W. Grainger,Industrials,158.78767676767677,160.26413937867338,159.3484899328859,159.54182749786509,159.5150171821306
WYNN,Wynn Resorts,Consumer Discretionary,79.80996861924686,80.00144083969465,79.78378223495702,80.04987354085604,79.97737769080236
XEL,Xcel Energy,Utilities,25.37388429752066,25.54261125104954,25.44059563758389,25.506703672075147,25.45742268041237
XYL,Xylem Inc.,Industrials,57.07018796992481,57.50445205479452,57.362044673539515,57.236742160278745,57.23814360770578
YUM,Yum! Brands,Consumer Discretionary,41.90949494949495,42.21745591939546,42.048674496644296,42.16422715627669,42.122697594501716
ZBRA,Zebra Technologies,Information Technology,99.81932966023875,100.6911502938707,100.11098993288591,100.23374039282665,99.72664948453608
ZBH,Zimmer Biomet,Health Care,79.62260826771654,80.1528108108108,79.87678956834533,80.06389550870762,79.89207373271888
ZION,Zions Bancorporation,Financials,35.50640036730946,35.649185558354326,35.62895134228188,35.68385994876174,35.75011168384879
ZTS,Zoetis,Health Care,90.62563559322035,91.22884393063583,91.12650485436893,91.37660749506904,91.07345238095238
